post_title,post_content
快文CopyDone,"快文CopyDone是由必优科技推出的国内首个专注于A营销创作的神器，该工具专注于营销内容的生成，用AI化的内容创作模式，让产品营销看得见，有效提升内容创作者的工作效率。

该工具目前提供了3种模式的营销内容创作:
<ul>
 	<li>A营销文案。智能生成海量营销文案，可适应国内及海外各类营销平台风格，覆盖丰富的产品类型，一键可得海量文案及创作灵感</li>
 	<li>AI营销配图。文案配图难，想要创新又担心侵权风险?使用AI营销配图，智能理解文案核心内容，实时生成文案配图，独一无二，复制即可用</li>
 	<li>Al营销视频。CopyDone整合了文字、图片、音视频多模态内容智能生成能力，只需几分钟，即可在线生成短视频，适用于抖音、快手等多平台推广</li>
</ul>"
ContenBot,AI快速写作工具
字符狂飙,"字符狂飙心是一款基于Al技术的全方位文档生成工具，能够帮助您快速生成各类专业文档。与传统的文档生成工具相比，字符狂飙更加快速、简便，让您节省时间和精力，专注于更重要的事情。从文案编辑到创意内容，从Email自动生成到公司运营，它都能满足您的各种需求。
<h1><span style=""font-size: 24pt; color: #0000ff;"">|</span>  字符狂飙功能介绍</h1>
字符狂飙拥有完整的内容向导，支持多种文档类型，如商业计划书、个人简历、诗词、视频脚本、blog文章、广告投放内容、演讲稿、pt框架、新闻报道、Email自动生成等。您只需填写表单，即可快速生成各种文档。同时，它还拥有多项功能操作，包括文案编辑、翻译、内容纠错改进、摘要总结、关键词提取、内容丰富、产品起名、关键词优化、产品描述、产品评价、广告投放脚本、说明书、公司简介、招聘描述、面试问题代码生成、改错、解读、代码文档、合同、法律顾问、作业解答、写作文、周公解梦、虚拟医生等。无论您是企业的市场部、销售部，还是个人的生活学习它都能帮助您轻松生成专业的文档。
<h1><span style=""font-size: 24pt; color: #0000ff;"">|</span>  字符狂飙产品亮点</h1>
字符狂飙支持多用户管理，适合企业的所有员工使用。当您选中文本后，还能为您提供二次编辑操作，如翻译、纠错摘要、丰富内容等，同时也可以生成一段新的想法。字符狂飙的强大A技术，可以识别您的需求并帮助您生成专业、准确的文档。而且，字符狂飙使用了敏感词过滤功能，以防止用户在应用程序中发送包含色情或政治等内容的请求。无论您是商务人士、学生，还是个人，它都是您的理想选择。
字符狂飙是一款多功能的AI文档生成产品，适用于各种生活和工作场景。如果您需要快速生成商业计划书、个人简历产品说明书或公司简介等文档，字符狂飙可以为您提供完整的内容向导，从而让您省去繁琐的文档生成过程。
此外，如果您是一名市场人员、销售人员或运营人员，WordFrury也可以帮助您生成广告投放内容、产品描述、产品评价和电商说明书等各种内容。如果您是一名学生或教育工作者，字符狂飙可以帮助您解答作业、写作文、制作PPT或周公解梦等。
如果您是一名程序员或法律从业者，字符狂飙可以帮助您生成代码文档、法律文书和合同等文档。此外，如果您需要解决电子邮件回复、开发新客户或推广邮件等工作中的问题，字符狂飙也可以帮助您生成自动化的邮件内容。
无论您是在生活还是在工作中，字符狂飙都可以为您提供准确、专业和高效的文档生成服务，让您更轻松地完成各种任务。
<h1><span style=""font-size: 24pt; color: #0000ff;"">|</span>  字符狂飙产品优势</h1>
<ul>
 	<li>完整的内容向导:字符狂飙提供了多种文档类型的生成，包括商业计划书、个人简历、广告投放脚本等等。通过结构化的表单提问，字符狂飙可以帮助惚生成各种文档。让您的文档始终保持专业和准确。</li>
 	<li>强大的A技术:字符狂飙采用最先进的Al技术，可以识别您的需求并帮助您生成专业的文档。通过支持文案编辑功能，包括翻译、内容纠错改进、摘要总结、关键词提取、内容丰富，创意内容生成等多种功能，让您的文档更加富有创意和专业性。</li>
 	<li>多种使用场景:字符狂飙可以用于多种场景，如商务文书、教育、生活、编程、法律等领域。通过支持多种文档类型和场景，字符狂飙为您的工作、学习和生活带来更多便利。</li>
 	<li>支持多用户管理:字符狂飙适合企业的所有员工使用，如市场部、销售部等。字符狂飙支持多用户管理，可以让您的团队成员快速地生成专业的文档，提高工作效率。</li>
 	<li>二次编辑:在使用字符狂飙生成文档后，您可以选中文本并进行二次编辑，如翻译、纠错、摘要、丰富内容等功能操作，同时也可以生成一段新的想法，让您的文档更加优秀。</li>
</ul>
通过以上优势，字符狂飙为您提供了一个完整的文档生成解决方案，让您在工作、学习和生活中更加便捷和高效。"
智搜,Giiso写作机器人，内容创作AI辅助工具
爱改写,AI改写、纠错、润色辅助工具
HeyFriday,国内团队推出的智能AI写作工具
火龙果写作,AI驱动的文字生产力工具
悉语,阿里旗下智能文案工具，一键生成电商营销文案
NovelAI,"NovelAI是一个在线AI内容和故事创作工具，提供人工智能辅助写作、讲故事、虚拟伴侣服务，或者仅仅是一个由GPT驱动的背景沙盒。

Novel Al先进的人工智能算法可以辅助内容创作者创造出类似人类的写作，使任何人(无论其写作能力如何)，都能创作出高质量的文学作品。Novel AI通过使用自研的人工智能模型，在真实的文学作品上进行训练，为其自然语言处理提供了前所未有的自由度。"
Cohesive,"Cohesive是一个人 工智能文案内容创作工具，旨在帮助创建、完善、 编辑和发布各种类型的文案内容。该工具为不同类型的内容提供了50多个模板，如SEO友好型博客、LinkedIn帖子、 吸引人的故事、Instagram标题、 Twitter推文和演示幻灯片。

Cohesive在多个领域都有应用，如营销、销售、支持和个人使用，并向用户保证高质量的人工智能生成的内容。Cohesive还提供 了一个人工智能编辑器，帮助用户编辑文本、图像和语言翻译，以确保内容的准确度、吸引力和转化率。"
Moonbeam,"Moonbeam是一款经过专门训练的人工智能写作助手， 可以帮助你撰写论文、故事、文章、博客和其他长篇内容。该工具免费版提供30,000个单词的额度，付费版Pro 15美金每月。"
度加创作工具,"度加创作工具是由百度出品的、人可用的AIGC创作I具网站。度加致力于通过AI能力降低内容生产门槛，提升创作效率,一站式聚合百度AIGC能力，弓|领跨时代的内容生产方式。度加的主要功能包括AI成片(图文成片/文字成片)、Al笔记 (智能图文生成)、AI数字人等。
自2022年3月百家号开放内测以来，一年时间共计超过45万 +百度创作者使用AIGC技术能力，创作700万篇+作品，百度累计分发量超过200亿+。
<h1><span style=""font-size: 24pt; color: #0000ff;"">|</span>  度加创作工 具的主要功能:</h1>
1. <strong>AI成片</strong>。创作者输入文本或者选择百家号的图文,即可由AI自动一键制作视频。在娱乐、科技、社会、资讯等领域，文字成片的效果几乎不逊于剪辑师创作，且速度更快，产更高,质量更稳定。
2. <strong>AI笔记</strong>。创作者输入文本，AI可以对已有文案进行润色、提炼与改写;创作者输入关键词，Al可以根据关键词为用户制作文案，包括标题和正文，满足日常分享营销推广、博主种草、知识输出等各类创作需求。
<img class=""alignnone size-full wp-image-153"" src=""http://ai.thinkgs.cn/wp-content/uploads/2023/08/微信截图_20230823135843.png"" alt="""" width=""2481"" height=""1308"" />

3. <strong>AI数字人</strong>。数字人功能拥有50+数字人模型,创作者可以在百度AIGC数字人超市中找到想要的数字人形象,并方便地应用到自己的视频创作中。未来，百度AIGC创作平台还将上线""声音克隆和""数字李生""等AI功能，让每个人都有能低成本拥有自己的""短视频数字人分身”。"
Verse,"Verse是印象笔记团队推出的类似于Notion的模块化文档写作工具，目前Verse已接入了 [印象Al」的能力，成为即开即用、平台覆盖的新-代AI写作工具。你可以将Verse作为你的工作台、知识库,甚至是云大脑，使用Verse灵感自动产生,文章-键生成， 创作领先-步。
<h1><span style=""font-size: 24pt; color: #0000ff;"">|</span>  Verse主要的AI功能</h1>
<ol>1.使用简单，生成快速。用户只需在页面中陆[AI帮我写」， 然后输入想要创作的标题即可快速生成文字内容</ol>
<ol>2.多种场景内容智能生成。会议纪要、公文假条、小说作文、工作日报、新闻稿、广告创作等等高效产出</ol>
<ol>3.已有内容修改和编辑。除开生成文本外，你还可以使用Verse来修复拼写和语法、简化语言、原有内容续写、翻译和解释等</ol>
<h1><span style=""font-size: 24pt; color: #0000ff;"">|</span>  如何使用Verse AI写作</h1>
<ol>1.访问Verse AI写作的官网，击立即体验按钮</ol>
<ol>2.使用微信扫描维码登录/注册你的印象笔记账号</ol>
<ol>3.登录成功后，Verse会自动跳转到工作台界面</ol>
<ol>4.点击AI帮我写，选择AI写作场景并输入简要的文本描述即可</ol>
<img class=""alignnone size-full wp-image-156"" src=""http://ai.thinkgs.cn/wp-content/uploads/2023/08/微信截图_20230823140939.png"" alt="""" width=""1393"" height=""990"" />
<h1><span style=""font-size: 24pt; color: #0000ff;"">|</span>  Verse的AI功能是免费的吗</h1>
目前Verse给每位用户提供了每天免费进行20次的生成次数，支持桌面端和网页端使用，手机端App的AI功能暂未上线"
爱创作,"<h4>爱创作是国内知名的新闻平台「ZAKER」 推出的AlI内容创作工具，可帮助用户一键生成文章、营销文本、配图与短视频等多类型内容。</h4>
<h1><span style=""font-size: 24pt;""><strong><span style=""color: #0000ff;"">|</span>  </strong></span>爱创作的主要功能</h1>
<ol>1.突破AI上线文长度限制，让A创作出你真正想要的文章。ZAKER独创的投喂海背景材料，让A真正读懂你的需求，从而写出更专业、更有细节的文案;</ol>
<ol>2.专业的写稿创作训练，通过海量的专业稿库微调，让AI更懂中文、更懂媒体。驴可在写作时进行角色的设定(如专业财经记者、新闻记者、资深汽车编辑、小红书文案高手、营销大师等)、情绪选择(中立、积极正面、消极负面)和输出语种(目前支持中文和英语)的选择;</ol>
<ol>3.覆盖场景广, - -键解决个性场景创作、营销需求，生成各行业风格文章、专业营销文案、 爆品产品文案、 热门推广文案、长短视频文案、电商促销文案等。</ol>
<h1><span style=""font-size: 24pt; color: #0000ff;"">|</span>  如何使用爱创作</h1>
<h4>爱创作的操作非常简单，户只需要几个步骤便可以使用该AI写作工具进行内容创作:</h4>
<ol>1.访问爱创作的官网然后登录注册账号</ol>
<ol>2.登录成功后，爱创作会自动跳转到写作的工作台</ol>
<ol>3.在左侧的区域输入文章主题、背景材料等</ol>
<ol>4.在右侧的区域选择色、文风、分析理论模型、情绪、输出语言等选项</ol>
<ol>5.设置完毕后，击蓝色的开始按钮即可实时生成内容</ol>"
快文CopyDone,"快文CopyDone是由必优科技推出的国内首个专注于A营销创作的神器，该工具专注于营销内容的生成，用AI化的内容创作模式，让产品营销看得见，有效提升内容创作者的工作效率。

该工具目前提供了3种模式的营销内容创作:

	      <li>A营销文案。智能生成海量营销文案，可适应国内及海外各类营销平台风格，覆盖丰富的产品类型，一键可得海量文案及创作灵感</li>

	      <li>AI营销配图。文案配图难，想要创新又担心侵权风险?使用AI营销配图，智能理解文案核心内容，实时生成文案配图，独一无二，复制即可用</li>

	      <li>Al营销视频。CopyDone整合了文字、图片、音视频多模态内容智能生成能力，只需几分钟，即可在线生成短视频，适用于抖音、快手等多平台推广</li>
"
字符狂飙,"字符狂飙心是一款基于Al技术的全方位文档生成工具，能够帮助您快速生成各类专业文档。与传统的文档生成工具相比，字符狂飙更加快速、简便，让您节省时间和精力，专注于更重要的事情。从文案编辑到创意内容，从Email自动生成到公司运营，它都能满足您的各种需求。
<h1>字符狂飙功能介绍</h1>
字符狂飙拥有完整的内容向导，支持多种文档类型，如商业计划书、个人简历、诗词、视频脚本、blog文章、广告投放内容、演讲稿、pt框架、新闻报道、Email自动生成等。您只需填写表单，即可快速生成各种文档。同时，它还拥有多项功能操作，包括文案编辑、翻译、内容纠错改进、摘要总结、关键词提取、内容丰富、产品起名、关键词优化、产品描述、产品评价、广告投放脚本、说明书、公司简介、招聘描述、面试问题代码生成、改错、解读、代码文档、合同、法律顾问、作业解答、写作文、周公解梦、虚拟医生等。无论您是企业的市场部、销售部，还是个人的生活学习它都能帮助您轻松生成专业的文档。
<h1>字符狂飙产品亮点</h1>
字符狂飙支持多用户管理，适合企业的所有员工使用。当您选中文本后，还能为您提供二次编辑操作，如翻译、纠错摘要、丰富内容等，同时也可以生成一段新的想法。字符狂飙的强大A技术，可以识别您的需求并帮助您生成专业、准确的文档。而且，字符狂飙使用了敏感词过滤功能，以防止用户在应用程序中发送包含色情或政治等内容的请求。无论您是商务人士、学生，还是个人，它都是您的理想选择。
字符狂飙是一款多功能的AI文档生成产品，适用于各种生活和工作场景。如果您需要快速生成商业计划书、个人简历产品说明书或公司简介等文档，字符狂飙可以为您提供完整的内容向导，从而让您省去繁琐的文档生成过程。
此外，如果您是一名市场人员、销售人员或运营人员，WordFrury也可以帮助您生成广告投放内容、产品描述、产品评价和电商说明书等各种内容。如果您是一名学生或教育工作者，字符狂飙可以帮助您解答作业、写作文、制作PPT或周公解梦等。
如果您是一名程序员或法律从业者，字符狂飙可以帮助您生成代码文档、法律文书和合同等文档。此外，如果您需要解决电子邮件回复、开发新客户或推广邮件等工作中的问题，字符狂飙也可以帮助您生成自动化的邮件内容。
无论您是在生活还是在工作中，字符狂飙都可以为您提供准确、专业和高效的文档生成服务，让您更轻松地完成各种任务。
<h1>字符狂飙产品优势</h1>
	<li>完整的内容向导:字符狂飙提供了多种文档类型的生成，包括商业计划书、个人简历、广告投放脚本等等。通过结构化的表单提问，字符狂飙可以帮助惚生成各种文档。让您的文档始终保持专业和准确。</li>
	<li>强大的A技术:字符狂飙采用最先进的Al技术，可以识别您的需求并帮助您生成专业的文档。通过支持文案编辑功能，包括翻译、内容纠错改进、摘要总结、关键词提取、内容丰富，创意内容生成等多种功能，让您的文档更加富有创意和专业性。</li>
	<li>多种使用场景:字符狂飙可以用于多种场景，如商务文书、教育、生活、编程、法律等领域。通过支持多种文档类型和场景，字符狂飙为您的工作、学习和生活带来更多便利。</li>
	<li>支持多用户管理:字符狂飙适合企业的所有员工使用，如市场部、销售部等。字符狂飙支持多用户管理，可以让您的团队成员快速地生成专业的文档，提高工作效率。</li>
	<li>二次编辑:在使用字符狂飙生成文档后，您可以选中文本并进行二次编辑，如翻译、纠错、摘要、丰富内容等功能操作，同时也可以生成一段新的想法，让您的文档更加优秀。</li>


通过以上优势，字符狂飙为您提供了一个完整的文档生成解决方案，让您在工作、学习和生活中更加便捷和高效。"
Cohesive,"Cohesive是一个人 工智能文案内容创作工具，旨在帮助创建、完善、 编辑和发布各种类型的文案内容。该工具为不同类型的内容提供了50多个模板，如SEO友好型博客、LinkedIn帖子、 吸引人的故事、Instagram标题、 Twitter推文和演示幻灯片。

Cohesive在多个领域都有应用，如营销、销售、支持和个人使用，并向用户保证高质量的人工智能生成的内容。Cohesive还提供 了一个人工智能编辑器，帮助用户编辑文本、图像和语言翻译，以确保内容的准确度、吸引力和转化率。
"
度加创作工具,"度加创作工具是由百度出品的、人可用的AIGC创作I具网站。度加致力于通过AI能力降低内容生产门槛，提升创作效率,一站式聚合百度AIGC能力，弓|领跨时代的内容生产方式。度加的主要功能包括AI成片(图文成片/文字成片)、Al笔记 (智能图文生成)、AI数字人等。
自2022年3月百家号开放内测以来，一年时间共计超过45万 +百度创作者使用AIGC技术能力，创作700万篇+作品，百度累计分发量超过200亿+。
<h1>度加创作工 具的主要功能:</h1>
1. <strong>AI成片</strong>。创作者输入文本或者选择百家号的图文,即可由AI自动一键制作视频。在娱乐、科技、社会、资讯等领域，文字成片的效果几乎不逊于剪辑师创作，且速度更快，产更高,质量更稳定。
2. <strong>AI笔记</strong>。创作者输入文本，AI可以对已有文案进行润色、提炼与改写;创作者输入关键词，Al可以根据关键词为用户制作文案，包括标题和正文，满足日常分享营销推广、博主种草、知识输出等各类创作需求。
<img class=""alignnone size-full wp-image-153"" src=""http://ai.thinkgs.cn/wp-content/uploads/2023/08/微信截图_20230823135843.png"" alt="""" width=""2481"" height=""1308"" />"
Verse,"Verse是印象笔记团队推出的类似于Notion的模块化文档写作工具，目前Verse已接入了 [印象Al」的能力，成为即开即用、平台覆盖的新-代AI写作工具。你可以将Verse作为你的工作台、知识库,甚至是云大脑，使用Verse灵感自动产生,文章-键生成， 创作领先-步。
<h1>Verse主要的AI功能</h1>
<ol>1.使用简单，生成快速。用户只需在页面中陆[AI帮我写」， 然后输入想要创作的标题即可快速生成文字内容</ol>
<ol>2.多种场景内容智能生成。会议纪要、公文假条、小说作文、工作日报、新闻稿、广告创作等等高效产出</ol>
<ol>3.已有内容修改和编辑。除开生成文本外，你还可以使用Verse来修复拼写和语法、简化语言、原有内容续写、翻译和解释等</ol>
<h1>如何使用Verse AI写作</h1>
<ol>1.访问Verse AI写作的官网，击立即体验按钮</ol>
<ol>2.使用微信扫描维码登录/注册你的印象笔记账号</ol>
<ol>3.登录成功后，Verse会自动跳转到工作台界面</ol>
<ol>4.点击AI帮我写，选择AI写作场景并输入简要的文本描述即可</ol>
<img src=""http://ai.thinkgs.cn/wp-content/uploads/2023/08/微信截图_20230823140939.png"" alt="""" width=""1393"" height=""990"" class=""alignnone size-full wp-image-156"" />
<h1>Verse的AI功能是免费的吗</h1>
目前Verse给每位用户提供了每天免费进行20次的生成次数，支持桌面端和网页端使用，手机端App的AI功能暂未 上线
"
爱创作,"<h4>爱创作是国内知名的新闻平台「ZAKER」 推出的AlI内容创作工具，可帮助用户一键生成文章、营销文本、配图与短视频等多类型内容。</h4>
<h1><span style=""font-size: 24pt;""><strong><span style=""color: #0000ff;"">|</span>  </strong></span>爱创作的主要功能</h1>
<ol>1.突破AI上线文长度限制，让A创作出你真正想要的文章。ZAKER独创的投喂海背景材料，让A真正读懂你的需求，从而写出更专业、更有细节的文案;</ol>
<ol>2.专业的写稿创作训练，通过海量的专业稿库微调，让AI更懂中文、更懂媒体。驴可在写作时进行角色的设定(如专业财经记者、新闻记者、资深汽车编辑、小红书文案高手、营销大师等)、情绪选择(中立、积极正面、消极负面)和输出语种(目前支持中文和英语)的选择;</ol>
<ol>3.覆盖场景广, - -键解决个性场景创作、营销需求，生成各行业风格文章、专业营销文案、 爆品产品文案、 热门推广文案、长短视频文案、电商促销文案等。</ol>
<h1><span style=""font-size: 24pt; color: #0000ff;"">|</span>  如何使用爱创作</h1>
<h4>爱创作的操作非常简单，户只需要几个步骤便可以使用该AI写作工具进行内容创作:</h4>
<ol>1.访问爱创作的官网然后登录注册账号</ol>
<ol>2.登录成功后，爱创作会自动跳转到写作的工作台</ol>
<ol>3.在左侧的区域输入文章主题、背景材料等</ol>
<ol>4.在右侧的区域选择色、文风、分析理论模型、情绪、输出语言等选项</ol>
<ol>5.设置完毕后，击蓝色的开始按钮即可实时生成内容</ol>"
有道写作,"有道写作是网易有道推出的智能英文写作修改和润色工具，该神器可以智能识别100多种错误类型，包括词组搭配、时态、主谓宾搭配等。用户可以在Web端、移动端、Windows客户端以及Word中使用有道写作产品。
<h1><span style=""font-size: 24pt;""><strong><span style=""color: #0000ff;"">|</span>  </strong></span>有道写作的产品亮点</h1>
<ul>
 	<li>权威的批改体系，以确保语法的准确性、语言风格的得体性、造句的多样性和句意的清晰度。</li>
 	<li>基于国人的英语写作习惯，面向国人的母语级润色，支持中英双语写作，助力文章一气呵成。</li>
 	<li>支持手写文章，拍照上传。有道写作结合有道词典APP,写英文习作拍照上传，图片转文字，快速批改。</li>
 	<li>支持多场景写作。批改体系覆盖小初高、四六级、考研、雅思、托福、学术论文等多种写作类型，为你提供全面指导。</li>
</ul>"
Jenni,"JenniAl是一款功能强大的Al 写作工具，可帮助用户创建引人入胜且信息丰富的内容。无论你是需要撰写研究论文、博客文章、社交媒体标题、产品描述还是
任何其他类型的文本，Jenni Al都可以在几分钟内生成高质量的内容，从而帮助你节省时间和精力。
<h1><span style=""font-size: 24pt; color: #0000ff;"">|</span>  Jenni AI的主要功能</h1>
Jenni AI写作有一些独特的功能，任何人都可以轻松学习并提高写作效率。
<ul>
 	<li>AI Autocomplete:当你没有想法或创意时，Jenni 会使用人工智能为你自动完成句子。如果你一直按向右箭头， 将不断生成更多信息。</li>
 	<li>抄袭检查: Jenni 賄集成的抄袭检查器,你可以使用该功能检测内容是否已经在线发布。</li>
 	<li>自动添加引用:激活此功能后，引用将自动出现在相关文档文本中。支持所有主要的引文风格,包括APA、MLA、Harvard 等。</li>
 	<li>修改重写:你可以使用Jenni的内置文本转换功能轻松扩展、解释、润色和修改文本。</li>
</ul>
<h1><span style=""font-size: 24pt; color: #0000ff;"">|</span>  如何使用Jenni AI</h1>
使用Jenni Al非常简单，只需几个步骤便可以开始你的AI创作之旅:
1.访问Jenni Al的官网。
2.单击右上角的Start writing for free按钮或Log in登录开始免费试用。
3.输入你的邮箱密码进行登录或注册账号
4.选择你的身份(学生、内容创作者)，以个性化你的用户体验。
5.键入你要写的文章话题，点击Start writing按钮开始写作
6.然后Jenni AI便会自动生成一个文档并跳转到该页面， 通过单击右箭头,你可以继续生成有关该主题的句子。此外，你还可以使用Asklenni根据给定的提示生成文本。"
Jenni,"JenniAl是一款功能强大的Al 写作工具，可帮助用户创建引人入胜且信息丰富的内容。无论你是需要撰写研究论文、博客文章、社交媒体标题、产品描述还是
任何其他类型的文本，Jenni Al都可以在几分钟内生成高质量的内容，从而帮助你节省时间和精力。
<h1><span style=""font-size: 24pt; color: #0000ff;"">|</span>  Jenni AI的主要功能</h1>
Jenni AI写作有一些独特的功能，任何人都可以轻松学习并提高写作效率。
<ul>
 	<li>AI Autocomplete:当你没有想法或创意时，Jenni 会使用人工智能为你自动完成句子。如果你一直按向右箭头， 将不断生成更多信息。</li>
 	<li>抄袭检查: Jenni 賄集成的抄袭检查器,你可以使用该功能检测内容是否已经在线发布。</li>
 	<li>自动添加引用:激活此功能后，引用将自动出现在相关文档文本中。支持所有主要的引文风格,包括APA、MLA、Harvard 等。</li>
 	<li>修改重写:你可以使用Jenni的内置文本转换功能轻松扩展、解释、润色和修改文本。</li>
</ul>
<h1><span style=""font-size: 24pt; color: #0000ff;"">|</span>  如何使用Jenni AI</h1>
使用Jenni Al非常简单，只需几个步骤便可以开始你的AI创作之旅:
1.访问Jenni Al的官网。
2.单击右上角的Start writing for free按钮或Log in登录开始免费试用。
3.输入你的邮箱密码进行登录或注册账号
4.选择你的身份(学生、内容创作者)，以个性化你的用户体验。
5.键入你要写的文章话题，点击Start writing按钮开始写作
6.然后Jenni AI便会自动生成一个文档并跳转到该页面， 通过单击右箭头,你可以继续生成有关该主题的句子。此外，你还可以使用Asklenni根据给定的提示生成文本。"
DeepL Write,"DeepL Write是知名Al翻译I具DeepL于2023年1月份推出的文章润色和智能修改工具，帮助写作者清晰、准确、从容地书写。户可以使用DeepL Write一键完善写作，目前支持英语(英式)、英语 (美式)、德语等语言，后续会增加支持更多语言的改写。
<h1><span style=""font-size: 24pt; color: #0000ff;"">|</span>  DeepL Write的主要功能</h1>
DeepL Write是一个人工智能写作工具，可以改善英语和德语的书面交流。Write 不仅仅解决语法问题-
它通过提供有关措辞、语气、风格和单词选择的建
议，让你掌控自己的写作。
<ul>
 	<li>修改语法和标点错误</li>
 	<li>选择你的翻译方式</li>
 	<li>创造性地改写整个句子</li>
 	<li>通过Write建议的改写方式获取准确的措辞</li>
</ul>
<h1><span style=""color: #0000ff; font-size: 24pt;"">|</span>  如何使用 DeepL Write?</h1>
进入DeepL Write的界面后，用户可以在左侧文本区域中输入文本。然后DeepL Write将检查左侧的输入，并在右侧文本区域提供文本的改进版本。系统会自
动检测你的书写语言，但你也可以通过左侧文本区域上方的语言选择器进行更改。DeepL Write 所做的更改将在右侧文本区域中以绿色标记。您还可以选择为
单个单词或整个句子选择替代措辞。
<img class=""alignnone size-full wp-image-172"" src=""http://ai.thinkgs.cn/wp-content/uploads/2023/08/微信截图_20230823151424.png"" alt="""" width=""999"" height=""466"" />
DeepL Write还允许你重写成另-种相同的语言 ，目前此功能仅支持英式英语和美式英语。只需在左侧文本区域中输入文本，通过此区域上方的语言选择器,
选择你要改写成的版本，DeepL Write将根据所选语种的惯例重写输入的文本。
<h1><span style=""color: #0000ff; font-size: 24pt;"">|</span>  DeepL Write是免费的吗?</h1>
DeepL Write目前处于Beta测试中，该AI写作助手是完全免费的，任何人都可以使用，免费用户-次最多可以重写2,000 个字符。"
万彩AI,"万彩AI是广州万彩信息技术有限公司推出的一款AI文案编写工具，帮助不会写文案或没有灵感的创作者快速生成可直接使用的文案，让文案编写效率提升90%，准确率高达99%。
<h1><span style=""color: #0000ff; font-size: 24pt;"">|</span>  万彩AI的写作功能</h1>
<ul>
 	<li style=""list-style-type: decimal;"">商业文书写作，包括商业风险分析、商业计划书、品牌推广策划、危机公关文案、市场调研报告、多模型AI分析助手;</li>
 	<li style=""list-style-type: decimal;"">文章博客创作，包括书写文章标题、内容大纲、文章开头段落、文案润色、短纹写作、演讲稿、扩充篇幅、AI智能改写;</li>
 	<li style=""list-style-type: decimal;"">课堂教学帮手，包括AI教案、 教学随笔、说课稿、微课脚本、学生评语、英语作文写作、课题灵感、PPT课件大纲、 教育论文大纲、教育论文撰写、导学案设计、课堂互动设计、设计主题班会、教学工作计划、教师工作总结、知识点解析、主题家长会、作文出题等;</li>
 	<li style=""list-style-type: decimal;"">广告营销文案撰写，包括营销文案、产品Slogan、 AI客服回复、商家回复广告标语、点挖掘、产品简介、SEM竞价广 告等;</li>
 	<li style=""list-style-type: decimal;"">自媒体文章生成，包括常见的社交媒体，小红书种草文、抖音脚本、知乎风格回答、公众号文章等。</li>
</ul>
<h1><span style=""font-size: 24pt; color: #0000ff;"">|</span>  万彩AI的产品价格</h1>
万彩AI的付费会员可以享受无限次创作、众多Al创作、 超低延迟、极速生成等好处，付费会员分为月度会员和年度会员:
<ul>
 	<li>月度会员18元</li>
 	<li>年度会员99元</li>
</ul>"
QuillBot,"QuillBot是由人工智能驱动的英语/德语写作润色修改工具，帮助学生和专业人士改写、编辑和改变他们文本的语气，以提高文章的清晰度和可读性。
<h1><span style=""font-size: 24pt; color: #0000ff;"">|</span>  QuillBot的主要功能</h1>
QuillBot不仅仅是一个润色改写工 具(Paraphraser) ，它还可以协助用户完成许多写作任务。你可以免费使用Quillbot的Grammer Checker、CitationGenerator、Summarizer 和多合一工 具Co-writer。

如果用户升级到高级版本，还可以访问Quillbot的抄袭检查器(Plagiarism Checker)以及更快的处理速度和更高级的语法重写。
<h1><span style=""font-size: 24pt; color: #0000ff;"">|</span>  如何使用QuillBot</h1>
使佣QuillBot非常简单，只需访问QuillBot的网站，在左侧的输入框中键入或粘贴你要改写的文本，然后点击' Paraphrase按钮即可开始。除开网页版外，QuillBot还提供适用于Word和Chrome的专用扩展程序，方便你在应用程序和网页中进行改写。
<img class=""alignnone size-full wp-image-179"" src=""http://ai.thinkgs.cn/wp-content/uploads/2023/08/微信截图_20230823152956.png"" alt="""" width=""998"" height=""520"" />"
Grammarly,"Grammarly是一款Al驱动的英语语法纠正和校对工具， 支持Windows、 Mac、 iOS和Android等多 个平台。它能够检查单词拼写、纠正标点符号、修正语法错误、调整语气以及给出风格建议等。Grammarly可以帮助用户在写作和沟通中更加准确、 流畅地表达自己的意思，提高英语写作和沟通的能力。
<h1><span style=""font-size: 24pt; color: #0000ff;"">|</span>  Grammarly的主要功能</h1>
<ul>
 	<li style=""list-style-type: decimal;"">语法检查。检查错误拼写、遗漏的标点符号、常见的混淆词、动词使用时态等，确保你的英文写作正确无误。</li>
 	<li style=""list-style-type: decimal;"">语气建议。Grammarly可以提供专业的写作语气建议，以调整你文章表达出的情绪和态度，而不会改变原有的意思。</li>
 	<li style=""list-style-type: decimal;"">原创度检测。Grammarly内置 了剽窃检查器,可以帮助检测用户文本中的重复度,并检查其他写作问题。</li>
 	<li style=""list-style-type: decimal;"">支持多个平台和网站应用。Grammarly支持500,000 多个移动、Web 和桌面应用程序，可以帮助用户在创作、工作、学习和生活聊天中使用完美的用词。</li>
 	<li style=""list-style-type: decimal;"">提供生成式AI写作助手。今年3月Gramamrly推出了 基于生成式AI技术的GrammarlyGO,可为用户提供快速撰写、写、构思和回复的能力。</li>
</ul>
<h1><span style=""color: #0000ff; font-size: 24pt;"">|</span>  Grammarly的产品价格</h1>
<ul>
 	<li style=""list-style-type: decimal;"">Grammarly提供免费增值的定价模式，包含Free免费版、 Premium高级版和Business团队版三个不同的定价计划。</li>
 	<li style=""list-style-type: decimal;"">Free免费版- 0美元/月，提供基本的文本生成、基本写作建议和语调检测等功能，每个月可使用GrammarlyGO进行100次的生成式AI写作。</li>
 	<li style=""list-style-type: decimal;"">Premium高级版- 12美元/月，免费版的所有功能，加上完整的句子改写、词汇想法、语建议等，每个月可使用GrammarlyGO进行1000次的生成式AI写作。</li>
 	<li style=""list-style-type: decimal;"">Business团队版- 15美元/月，级版所有功能，加上团队的功能，如统-付费管理和自定义写作风格指南，每个团队成员每个月可使用GrammarlyGO进行1000次的生成式AI写作。</li>
</ul>"
Rytr,"Rytr是一个于2021年4月发布的人工智能驱动的AI写作工具， 该人工智能写作助手可以帮助用户自动撰写和创建电子邮件、博文文章、广告文案和社交媒体帖子
等内容。只需几秒钟Rytr便可以为用户创造原创的、有吸引力的文案，成本只有人工的几分之一。
<h1><span style=""font-size: 24pt; color: #0000ff;"">|</span>  Rytr支持哪些语言?</h1>
Rytr目前支持30多种语言进行Al创作，包括: CN 中文、US 英语、AE 阿拉伯语、CZ 捷克语、DK丹麦语、 NL 荷兰语、FI 芬兰语、FR法语、DE 德语、GR 希腊语、IL希伯来语、IN 印地语、ID 印尼语、IT 意大利语、JP 日语、KR韩语、NO 挪威语、PL 波兰语、PT 葡萄牙语、RO 罗马尼亚语、RU 俄语、ES 西班牙语、SE 瑞典语、TH泰语、TR土耳其语等。
<img class=""alignnone size-full wp-image-184"" src=""http://ai.thinkgs.cn/wp-content/uploads/2023/08/微信截图_20230823154142.png"" alt="""" width=""1594"" height=""908"" />"
Writesonic,"Writesonic是一个由人工智能驱动的内容自动化平台， 用户可以使用该AI写作工具输入文本提示，生成无限的内容以节省时间和精力。该平台内置了65个以上的文章模板和功能，如文章写作、Facebook广告、着顿文案、Quora回答、 Twitter推文和Instagram标题等 ，帮助你高效率创作不同类型的内容。

<img class=""alignnone size-full wp-image-187"" src=""http://ai.thinkgs.cn/wp-content/uploads/2023/08/微信截图_20230823154507.png"" alt="""" width=""1744"" height=""960"" />
<h1><span style=""color: #0000ff; font-size: 24pt;"">|</span>  Writesonic支持哪些语言?</h1>
Writesonic目前的版本支持24种常用的不同语言来进行写作，包括英语、文、法语、西班牙、意大利语、德语、波兰语、葡萄牙语、荷兰语、日语、俄语、
保加利亚语、捷克语、丹麦语、希腊语、匈牙利语、立陶宛语、拉脱维亚语、罗马尼亚语、斯洛伐克语、斯洛文尼亚语、瑞典语、芬兰语、爱沙尼亚语。
<h1><span style=""color: #0000ff; font-size: 24pt;"">|</span>  Writesonic可以做什么?</h1>
Writesonic提供65种以上的人工智能写作功能，可以帮助用户:
<ul>
 	<li>生成特定行业的内容，和品牌的写作风格和语气保持一 致。</li>
 	<li>获得SEO优化的内容，以获得更好的排名和更高的转换率。</li>
 	<li>在几秒钟内创建长篇博客和文章(1500字以上)。</li>
 	<li>文章润色和改进，通过重新措辞或改变风格来改进你现有的内容，使其有一 个全新的面貌。</li>
 	<li>想出有趣的想法和概念来制作独特的内容。</li>
 	<li>通过创造故事和歌曲来提高你的创造力。</li>
 	<li>使用着陆页文案生成器或CTA生成器等功能，令人印象深刻的文案来提高你的转换率。</li>
 	<li>通过批量上传功能，批量制作超过50种内容。</li>
 	<li>通过Zapier的整合， 直接从Writesonic向5000多个平台发布，发布和更新你生成的内容。</li>
</ul>
为论文等学术内容撰写初稿。
<h1><span style=""color: #0000ff; font-size: 24pt;"">|</span>  Writesonic是免费的吗?</h1>
Writesonic提供不同的计划，包括免费试用，用户注册后可以使用10,000个免费字数。然后，每个月享受2500个免费字数;长篇计划(按月计费) :起价19美元/月，可创作60,000字;长篇计划(按年计费) :从12.67美元/月起， 每钥可创作60,000字。"
Jasper,"Jasper（原Jarvis）是国外最受欢迎的AI写作软件工具之一，因其丰富的的模板和强大的智能写作功能而广受欢迎。你可以使用 Jasper 创建博客、文章、书、剧本、帖子和任何其他内容。只需选择一个话题，填写关键词和细节，Jasper将为你自动写作内容。

<img class=""alignnone size-full wp-image-195"" src=""http://ai.thinkgs.cn/wp-content/uploads/2023/08/jasper-writing-dashboard.png"" alt="""" width=""800"" height=""441"" />
<h1><span style=""color: #0000ff; font-size: 24pt;"">|</span>  Jasper的主要功能：</h1>
<ul>
 	<li>长篇文章编辑器。Jasper称之为Boss Mode, 可以让你用AI输出写作完整的文档</li>
 	<li>原创度检测器。写作时不必担心被指责为剽窃别人的内容</li>
 	<li>快速写作。击开始，Jasper会在几分钟内为你的博客文章或文章创造出一个杰作</li>
 	<li>集成SEO Surfer。帮助你分析关键词和优化你的内容，让你的文章更加对搜索引擎友好</li>
</ul>
<ul>
 	<li>自动文章写作。如果你给它足够的参数，Jasper AI几乎可以为你写作任意文章</li>
</ul>
<h1><span style=""color: #0000ff; font-size: 24pt;"">|</span>  Jasper支持的语言:</h1>
Jasper支持30+的语言和方言进行AI写作，包括中文、英语(美式)、英语 (英式)、保加利亚语、捷克语、丹麦语、荷兰语、爱沙尼亚语、芬兰语、法语、
德语、希腊语、匈牙利语、印尼语、意大利语、日语、韩语、拉脱维亚语、立陶宛语、挪威语、波兰语、葡萄牙语、葡萄牙语(巴西)、 罗马尼亚语、俄罗斯
语、斯洛伐克语、斯洛文尼亚语、西班牙语、瑞典语、土其语、乌克兰语等。

<img class=""alignnone size-full wp-image-196"" src=""http://ai.thinkgs.cn/wp-content/uploads/2023/08/jasper-support-language.png"" alt="""" width=""800"" height=""293"" />
<h1><span style=""color: #0000ff; font-size: 24pt;"">|</span>  Jasper是免费的吗?</h1>
Jasper提供三个付费计划，Creators (起价39美元/月)、Teams (起价为99美元/月)、Business (需询价)。户可以选择在Creator或Teams计划上进行7天
的免费试用，以无风险地体验Jasper。

你也可以通过我们的引荐链接口进入Jasper官网，注册后便能拥有10,000的写作额度积分。"
笔灵AI写作,"面向专业写作领域的AI写作工具

<img class=""alignnone size-full wp-image-201"" src=""http://ai.thinkgs.cn/wp-content/uploads/2023/08/微信截图_20230823161539.png"" alt="""" width=""2551"" height=""1103"" />

<img class=""alignnone size-full wp-image-202"" src=""http://ai.thinkgs.cn/wp-content/uploads/2023/08/微信截图_20230823161631.png"" alt="""" width=""2551"" height=""1095"" />"
Facet,"Facet由Joe Reisinger和Matt Stanton创立，是- -个照片和视频编辑器，使用人工智能技术提供加速编辑图像的各项信息。该技术可以学习整个照片拍摄的图像属性，并进行批量编辑，如删除所有图像的背景。

Facet是以品牌为客户而设计的，它的出现是为了让数字营销团队成员能够实时协作项目，并利用API随时在其他软件工具之间切换。"
Relight,ClipDrop推出的AI图像打光工具
秘塔捉捉猫,秘塔写作猫推出的AI文字到图像生成工具
Graviti Diffus,"Graviti Diffusc提供热[门的开源项目Stable Diffusion WebUl的在线服务，让你零基础快速生成图片图像。
<ul>
 	<li>无需GPU与代码技能，开箱即用的Stable Diffusion WebUI, 注册即送20 Credits</li>
 	<li>内置几十个热i ]模型，Chilloutmix、 Deliberate等(社区持续贡献中)</li>
 	<li>内置ControlNet与OpenPose Editor插件(更多插件陆续开放)</li>
</ul>
<h3><span style=""font-size: 18pt; color: #0000ff;"">|</span>  AI图像生成工具对比</h3>
<table class=""ace-table"" data-ace-table-col-widths=""85;226;251;259""><colgroup> <col width=""85"" /> <col width=""226"" /> <col width=""251"" /> <col width=""259"" /></colgroup>
<thead>
<tr>
<th colspan=""1"" rowspan=""1"">
<div class=""ace-line ace-line old-record-id-doxcn7QwcOwIRZSDWAaNINSW9Bh""></div></th>
<th colspan=""1"" rowspan=""1"">
<div class=""ace-line ace-line old-record-id-doxcnV8tGAHXJXagTviVvtgBn1g""><strong>Midjourney</strong></div></th>
<th colspan=""1"" rowspan=""1"">
<div class=""ace-line ace-line old-record-id-doxcnG6hF6UeWiZFB5xlWE3p7uY""><strong>Stable Diffusion WebUI 本地部署</strong></div></th>
<th colspan=""1"" rowspan=""1"">
<div class=""ace-line ace-line old-record-id-doxcnDb5fz6L0cKFS8V11BBGice""><strong>Stable Diffusion WebUI 在线服务</strong></div></th>
</tr>
</thead>
<tbody>
<tr>
<td colspan=""1"" rowspan=""1"">
<div class=""ace-line ace-line old-record-id-doxcnnYP5qIkmk9ksJjaKbmo9Ob""><strong>上手难度</strong></div></td>
<td colspan=""1"" rowspan=""1"">
<div class=""ace-line ace-line old-record-id-doxcnlxj73UB6nhB7ycNjKXuZYT"">★★★</div></td>
<td colspan=""1"" rowspan=""1"">
<div class=""ace-line ace-line old-record-id-doxcnZmTvlaYKBnutPYqjtEcbYe"">★★★★★</div></td>
<td colspan=""1"" rowspan=""1"">
<div class=""ace-line ace-line old-record-id-doxcnQBKOtM9hC5JBMccFMhjbxe"">★</div></td>
</tr>
<tr>
<td colspan=""1"" rowspan=""1"">
<div class=""ace-line ace-line old-record-id-doxcnGVJkTfQFgyg76bG9kTucLc""><strong>出图效果</strong></div></td>
<td colspan=""1"" rowspan=""1"">
<div class=""ace-line ace-line old-record-id-doxcnILcVo5OAqCqZHIvXWp4RDh"">★★★★★</div></td>
<td colspan=""1"" rowspan=""1"">
<div class=""ace-line ace-line old-record-id-doxcn025py0djSa0NCUhhJUtH9f"">★★★★★</div></td>
<td colspan=""1"" rowspan=""1"">
<div class=""ace-line ace-line old-record-id-doxcnwhWPcaqk8uoL2ba4T2WToh"">★★★★★</div></td>
</tr>
<tr>
<td colspan=""1"" rowspan=""1"">
<div class=""ace-line ace-line old-record-id-doxcn45xTpMAVKb7yyZFMkaQCwd""><strong>功能类型</strong></div></td>
<td colspan=""1"" rowspan=""1"">
<div class=""ace-line ace-line old-record-id-doxcnRh3nIA1Ydi0aAhg81zyzmc"">★★★</div></td>
<td colspan=""1"" rowspan=""1"">
<div class=""ace-line ace-line old-record-id-doxcnbQEKY1CzSrJ1d58YywZfab"">★★★★★</div></td>
<td colspan=""1"" rowspan=""1"">
<div class=""ace-line ace-line old-record-id-doxcn72bmaDdaeCw3Am6hoa0xzP"">★★★★★</div></td>
</tr>
<tr>
<td colspan=""1"" rowspan=""1"">
<div class=""ace-line ace-line old-record-id-doxcnXUDo81fmFGMv6rezNj3vbc""><strong>配置要求</strong></div></td>
<td colspan=""1"" rowspan=""1"">
<div class=""ace-line ace-line old-record-id-doxcn2ytVOqPVeAasCQ2NxsZPhb"">Discord（需要梯子）</div></td>
<td colspan=""1"" rowspan=""1"">
<div class=""ace-line ace-line old-record-id-doxcnHdleORtx2PHJY6HxzcWoo2"">需要高性能 GPU</div></td>
<td colspan=""1"" rowspan=""1"">
<div class=""ace-line ace-line old-record-id-doxcnLAjTi8CpsQfT996CtnXlFg"">无</div></td>
</tr>
<tr>
<td colspan=""1"" rowspan=""1"">
<div class=""ace-line ace-line old-record-id-doxcnNm7VzYJrXcYWXLbeOOUzYb""><strong>价格对比</strong></div></td>
<td colspan=""1"" rowspan=""1"">
<div class=""ace-line ace-line old-record-id-doxcn31UppuUFFxQ8Px9sYGwmFe"">10USD / 200 次</div></td>
<td colspan=""1"" rowspan=""1"">
<div class=""ace-line ace-line old-record-id-doxcnsUzPAll9DXTzvH4nkxhuxd"">免费</div></td>
<td colspan=""1"" rowspan=""1"">
<div class=""ace-line ace-line old-record-id-doxcnprBZ5sPSsYGKUghtOpfZJf"">10USD / 2500Credit</div></td>
</tr>
</tbody>
</table>
<h3><span style=""color: #0000ff; font-size: 18pt;"">|</span>  Graviti Diffus生成效果</h3>
<img class=""alignnone size-full wp-image-223"" src=""http://ai.thinkgs.cn/wp-content/uploads/2023/08/graviti-diffus-results.png"" alt="""" width=""800"" height=""760"" />"
言之画,"之画是由出门问问推出的Al图像内容创作平台，用户只需输入一句话描述，便可以快速生成高质量商用图片素材。
<ul>
 	<li>高质量商用图。模型熟悉市场流行的风格和关键元素，能帮助提高投放效果。</li>
 	<li>批量快速生成素材。10秒内即可生成大量的合格优质素材，可解决短期内创作瓶颈的问题。</li>
 	<li>支持二次创作。素材二次创作不受专业限制，小白也能上手,完成高质量作品。</li>
 	<li>图片编辑处理。全套图片抠图、精修、涂抹处理工具，无PS痕迹。</li>
</ul>"
Booltool,在线AI图像工具箱
MagicStudio,高颜值AI图像处理工具
ClipDrop,Stability.ai推出的AI图片处理系列工具
美图抠图,美图抠图是由美图秀秀推出的智能AI抠图工具，户只需上传图片，便能一键快速去除图片背景。该工具支持全品类AI智能抠图，如人像、宠物、商品、图标等。除开抠图外，该工具还支持换背景、滤镜、改尺寸、边缘优化、投影、描边、画质修复等图片编辑功能。
行者AI美术,"<div>

行者AI是由成都潜在人工智能科技有限公司开发的AI美术、音乐、视频工具箱，致力于使用人工智能和机器学习技术提高游戏和文娱行业的生产力，打造一个游戏行业从研发到营销的一站式AI赋能平台。而行者AI美术是行者AI推出的AI绘图创作解决方案，帮助用户激发灵感，创作更多可能。
<h2>行者AI美术的主要功能</h2>
<ol>
 	<li>AI 2D美术创作，支持输入文本描述即可智能生成图片、图标及将图像进行二次元风格的转化，让你轻松变身艺术大师，创作高质量画作</li>
 	<li>AI 3D减面，支持OBJ、TGT、MTL等格式的3D文件进行方形减面或三角减面，减轻模型的复杂度，提高渲染的速度和效率</li>
 	<li>AI模型训练，支持上传一定数量的图片，以自定义训练AI模型，塑造自己的风格，让画面更具个性</li>
</ol>
<h2>如何使用行者AI生成图片</h2>
<ol>
 	<li>访问行者AI的官网，点击顶部的<strong>AI美术</strong>菜单</li>
 	<li>页面会跳转到下方的AI绘画创作，点击<strong>立即体验</strong></li>
 	<li>登录/注册行者AI账号，登录成功后会自动跳转到工作台界面</li>
 	<li>点击左边侧边栏的<strong>美术</strong>选项，然后点击<strong>智能生图</strong></li>
 	<li>在右侧输入框中键入文本描述，选择你想要的创作风格、图片比例、图片质量、图片格式</li>
 	<li>最后点击右下角的<strong>开始生成</strong>按钮即可</li>
</ol>
<a class=""js"" href=""https://ai-bot.cn/wp-content/uploads/2023/06/xingzhe-ai-demo.png"" data-fancybox=""fancybox"" data-caption=""行者AI生成图片""><img class=""alignnone size-full wp-image-244"" src=""http://ai.thinkgs.cn/wp-content/uploads/2023/08/xingzhe-ai-demo.png"" alt="""" width=""800"" height=""475"" /></a>
<h2>行者AI美术的产品价格</h2>
用户注册行者AI之后，可以免费获得200的点数用于生成图片，普通画质的图片消耗4个点数，较好画质的图片消耗8个点数，极好画质的图片消耗16个点数，每天签到可以获得8个以上的点数。

</div>"
行者AI美术,"<div class=""panel-body single my-4 "">

行者AI是由成都潜在人工智能科技有限公司开发的AI美术、音乐、视频工具箱，致力于使用人工智能和机器学习技术提高游戏和文娱行业的生产力，打造一个游戏行业从研发到营销的一站式AI赋能平台。而行者AI美术是行者AI推出的AI绘图创作解决方案，帮助用户激发灵感，创作更多可能。
<h2>行者AI美术的主要功能</h2>
<ol>
 	<li>AI 2D美术创作，支持输入文本描述即可智能生成图片、图标及将图像进行二次元风格的转化，让你轻松变身艺术大师，创作高质量画作</li>
 	<li>AI 3D减面，支持OBJ、TGT、MTL等格式的3D文件进行方形减面或三角减面，减轻模型的复杂度，提高渲染的速度和效率</li>
 	<li>AI模型训练，支持上传一定数量的图片，以自定义训练AI模型，塑造自己的风格，让画面更具个性</li>
</ol>
<h2>如何使用行者AI生成图片</h2>
<ol>
 	<li>访问行者AI的官网，点击顶部的<strong>AI美术</strong>菜单</li>
 	<li>页面会跳转到下方的AI绘画创作，点击<strong>立即体验</strong></li>
 	<li>登录/注册行者AI账号，登录成功后会自动跳转到工作台界面</li>
 	<li>点击左边侧边栏的<strong>美术</strong>选项，然后点击<strong>智能生图</strong></li>
 	<li>在右侧输入框中键入文本描述，选择你想要的创作风格、图片比例、图片质量、图片格式</li>
 	<li>最后点击右下角的<strong>开始生成</strong>按钮即可</li>
</ol>
<a class=""js"" href=""https://ai-bot.cn/wp-content/uploads/2023/06/xingzhe-ai-demo.png"" data-fancybox=""fancybox"" data-caption=""行者AI生成图片""><img class=""alignnone size-full wp-image-244"" src=""http://ai.thinkgs.cn/wp-content/uploads/2023/08/xingzhe-ai-demo.png"" alt="""" width=""800"" height=""475"" /></a>
<h2>行者AI美术的产品价格</h2>
用户注册行者AI之后，可以免费获得200的点数用于生成图片，普通画质的图片消耗4个点数，较好画质的图片消耗8个点数，极好画质的图片消耗16个点数，每天签到可以获得8个以上的点数。

</div>"
Stable Doodle,"Stable Doodle是Stability Al (Stable Diffusion背后的公司)最新推出的将手绘草图转换成精美图像的工具，无论你是专业人士，还是绘画爱好者，都可以借助Stable Doodle快速将简单的手绘稿变为现实，让你从灵魂画手变身艺术大师。

通过Stable Doodle任何具有基本绘图技能和访问在线网站的人都可以在几秒钟内生成高质量的原始图像，设计师、插画师和其他专业人士能够腾出宝贵的时间并最大限度地提高效率，以草图形式绘制的想法可以立即落地到作品中，为客户创建设计、为展示平台和网站创建物料、甚至创建LOGO标志。

目前Stable Doodle与最新的Stable Diffusion模型SDXL 0.9 -起都可以在Stability AI旗下的Clipdrop网站上免费试用。

Al工具集编辑随意画了3栋楼的轮廓，然后输入简单的skyscraper buildings提示词，下面生成的3张效果图还是不错的。

<img class=""alignnone size-full wp-image-248"" src=""http://ai.thinkgs.cn/wp-content/uploads/2023/08/stable-doodle-demo.png"" alt="""" width=""800"" height=""418"" />"
Canva AI图像生成,在线设计工具Canva推出的AI图像生成工具
Freepik AI Image Generator,"<div class=""panel-body single my-4 "">

<a class=""external"" href=""https://www.freepik.com/ai/image-generator?ref=ai-bot.cn"" target=""_blank"" rel=""noopener nofollow"">Freepik AI Image Generator</a>是由知名创意素材（视频、照片、插画等）网站Freepik最新推出的在线<a href=""https://ai-bot.cn/best-ai-image-generators/"">AI图片生成工具</a>，该AI图片生成器允许用户使用文字创建独特的图像，只需要在输入框中输入文本描述，就可以得到对应艺术风格的令人惊叹的图像。
<h2>Freepik AI Image Generator的主要功能</h2>
<ol>
 	<li>操作简单，任何人都可以输入想法释放创造独特图像的无限潜力，为艺术、设计和创造力开辟新的可能性</li>
 	<li>灵感参考，主页提供了系列不同风格的AI生成的图片，并附带相应的prompt提示词参考，帮助用户快速生成想要的图片</li>
 	<li>内置4种不同风格，写实照片、数字艺术、插画和3D风格的图片生成，都不在话下</li>
 	<li>图片二次编辑和加工，AI生成好的图片，可点击Edit Online对其进行在线编辑，如裁剪、翻转、旋转、添加文本/元素、修改对比度/亮度/饱和度等</li>
</ol>
<h2>如何使用Freepik AI Image Generator</h2>
<ol>
 	<li>访问Freepik AI Image Generator的官网</li>
 	<li>在输入框中输入你想要生成的图片描述，选择风格，点击Generate按钮</li>
 	<li>若没有登录注册会自动跳转到Freepik的登录界面</li>
 	<li>登录注册成功后，会自动进入到图片生成的界面，Freepik会默认生成4张备选的图片</li>
</ol>
<a class=""js"" href=""https://ai-bot.cn/wp-content/uploads/2023/06/freepik-ai-image-generator-demo.png"" data-fancybox=""fancybox"" data-caption=""Freepik AI Image Generator""><img class=""alignnone size-full wp-image-254"" src=""http://ai.thinkgs.cn/wp-content/uploads/2023/08/freepik-ai-image-generator-demo.png"" alt="""" width=""800"" height=""450"" /></a>
<h2>Freepik AI Image Generator的产品价格</h2>
Freepik AI Image Generator允许用户每日免费进行3次的图片生成，每次的生成会提供4张的备选图片方案。若你想要更多次数的图片生成，需要付费升级到Premium计划，按月付费每月8.99欧元，按年付费每年107.88欧元。Premium计划每天可进行10次的图片生成，除开AI图片生成外，还可以无限次数的下载Freepik平台上的资源素材。

</div>"
图查查,"<div class=""panel-body single my-4 "">

图查查是 360 旗下推出的一站式图片服务平台，在AI技术的驱动下，可以帮助用户轻松搞定作图，提供图片版权查询、高清版权图库、图片智能抠图、图片智能消除笔、<a href=""https://ai-bot.cn/free-ai-image-upscalers/"">图片无损放大</a>、文章智能配图等功能。
<h2>图查查的AI功能</h2>
<ul>
 	<li>图片智能抠图。此功能目前是免费开放的，可智能识别主体，自动删除背景，一键快速抠图。该<a href=""https://ai-bot.cn/ai-image-background-removers/"">AI抠图工具</a>最高分辨率支持达到10000*10000，提供自动抠图和点选抠图两种模式。</li>
 	<li>图片智能消除笔。在线图片去水印、去文字、去除一切无用元素。只需鼠标一划，便能智能抹除图片中不想要的物体。</li>
 	<li>图片无损放大。将上传的图片成倍放大，同时基于推断出的细节保持结果图像的清晰度，最高支持上传1280*1280分辨率的图片。</li>
 	<li>文章智能配图。在线文字段落智能插图，图文并茂更吸睛。只需输入文章关键词和文章正文内容，图查查便能智能给文字配图。</li>
</ul>
</div>"
DreamUp,DeviantArt推出的AI插画生成工具
getimg.ai,"getimg,.ai是一套神奇的人工智能图像工具，你可以通过该工具生成艺术画、虚拟头像和产品图片等，也可以修改照片和或创建自定义A模特，该工具允许用户每个月免费生成100张图片。"
Photosonic,"Photosonic是AI写作软件Witesonic推出的一款在线A图像和艺术画生成的应用，该工具使用先进的文本到图像人工智能模型，可以帮助你从任何文本描述中创建逼真或高品质的艺术插画。

Photosonic允许用户免费尝试使用10个图像生成积分，你可以使用这些学分从任何文本描述中创建20张高质量图像，你也可以通过与朋友共享Photosonic并邀请他们加入该应用程序来赚取更多积分。如果你想解锁无限制的图像生成并访问更多功能和设置，你可以以较低的月费或年费升级到高级订阅。"
美图抠图,美图抠图是由美图秀秀推出的智能A抠图工具，用户只需上传图片，便能一键快速去除图片背景。该工具支持全品类AI智能抠图，如人像、宠物、商品、图标等。除开抠图外，该工具还支持换背景、滤镜、改寸、边缘优化、投影、描边、画质修复等图片编辑功能。
Upscalepics,在线图片放大工具
PhotoAid Image Upscaler,PhotoAid出品的免费在线人工智能图片放大工具
VanceAI Image Resizer,VanceAI推出的在线图片尺寸调整工具
Facet,"Facet由Joe Reisinger和MattStanton创立，是一个照片和视频编辑器，使用人工智能技术提供加速编辑图像的各项信息。该技术可以学习整个照片拍摄的图像属性，并进行批量编辑，如删除所有图像的背景。

Facet是以品牌为客户而设计的，它的出现是为了让数字营销团队成员能够实时协作项目，并利用APlI随时在其他软件工具之间切换。"
Relight,ClipDrop推出的AI图像打光工具
Cutout.Pro Retouch,Cutout.Pro推出的AI图片物体涂抹去除工具
Neurodub,端到端的AI视频语音本地化工具
SteveAI,Animaker旗下AI在线视频制作工具
Pictory,AI视频制作工具
Elai.io,AI文本到视频生成工具
MindShow,MindShow是国内独立开发者开发的输入内容自动生成演示工具，帮你省去排版的烦恼，让想法快速展示。
auxi,"auxi是一款功能强大的微软PowerPoint的A]插件，该工具允许你输入文字来修改和编辑PPT。比如你可以输入指令，来增加间距、保存PPT、对齐、添加文本框等等。只需按下Ctrl+空格键，你便可以在输入框输入相应的指令来操作和编辑PPT。

该工具基于其专有的机器学习模型可在幻灯片右侧展示PPT设计建议，单击建议后，auwi便会帮助你自动将你的内容填充到所选的设计布局中。除此之外，该工具甚至还允许你将手绘的PPT草图转换为PowerPoint幻灯片!"
歌者AI,彩漩PPT推出的AI PPT生成工具
SlidesAI,"SlidesAl是一款用于创建专业且引人入胜的演示文稿的省时工具，可以自动化幻灯片的创建过程。只需鼠标点击几下，该AI PPT工具便可以将任何文本转换为视觉上吸引人的幻灯片，让你能够专注于真正重要的事情。

该A PT制作工具适合任何领域，无论你是在做营销展示，还是在会议上演讲，SilidesA都可以为你提供帮助。你可以从各种演示类型中进行选择，包括通用场景、教育、销售和会议，选择幻灯片数量，其人工智能工具便可以帮助你完成所有的PPT设计和制作工作。"
SheetGod,BoloForms推出的AI Excel公式生成工具
Rows,集成了AI功能的在线表格处理工具
Rossum.ai,现代化的AI文档处理工具
PandaGPT,AI文档要点总结工具
ChatDOC,基于ChatGPT的文档阅读、提取、总结、摘要的工具
Ayoa Ultimate,AI思维导图和头脑风暴工具
博思AI白板,国内知名在线白板工具博思Boardmix推出Al白板功能，生成式AIGC创作模式，实现A智能问答、A智能写作、A绘制思维导图等内容生成能力，释放无尽可能。
Miro AI,在线白板协作工具推出的AI功能，Beta测试中
AmyMind,"<div class=""panel-body single my-4 "">

AmyMind是一个轻量小巧的在线AI思维导图工具，无需登录、注册、下载安装，在线打开即用，选中相应节点后鼠标右键便可AI自动生成同级节点或子节点。AmyMind支持多种文件格式，导入freemind格式、markdown文件，导出为Word、PNG、freemind和markdown文件。

<a class=""js"" href=""https://ai-bot.cn/wp-content/uploads/2023/03/amymind-screenshot.png"" data-fancybox=""fancybox"" data-caption=""""><img class=""alignnone size-full wp-image-370"" src=""http://ai.thinkgs.cn/wp-content/uploads/2023/08/amymind-screenshot.png"" alt="""" width=""800"" height=""418"" /></a>

</div>"
Noty.ai,ChatGPT驱动的AI会议转录工具
Fireflies.ai,AI会议转录和会议纪要生成工具
Khroma,AI调色盘生成工具
Logomaster.ai,AI Logo生成工具
HTTPie AI,AI API开发工具
Hocoos,"Hocoos是基于人工智能的网站设计领域的领导者，于4月推出了强大的A网站生成器。使用最先进的算法，Hocoos 人工智能网站建设在几分钟内便可以创建个性化网站，无需用户具备编程知识。

Hocoos推出的Al网站生成器，可在几分钟内创建个人和商业网站。用户只需回答8个问题，即可指导Hocoos Al 为任何品牌设计一个具有引人注目的设计和内容的个性化网站。人工智能网站生成器会自动生成书面和视觉内容，可以通过简单易用的设计界面轻松编辑。

凭借先进的人工智能技术，Hocoos首次允许在几分钟内创建个人和商业网站，该工具已经在各种行业中进行了测试，可以在几分钟内为美容保健、体育健身、电子商务、摄影、商业和金融等多个行业的品牌建立网站。"
通义听悟,"<div class=""panel-body single my-4 "">

通义听悟是阿里巴巴推出的智能AI会议转录和总结工具，支持实时双语翻译字幕，一键高亮要点，智能提炼总结，高效记录、整理和共享音视频内容。多种字幕形态随心切换，自动区分发言人，总结关键词、议程、摘要、待办事项和问题。支持一键导出和公开分享。

丰富场景，皆可听悟——
<ul>
 	<li>线上会议：清晰记录沟通细节，智能总结待办、议程，会议信息无损传递</li>
 	<li>面试访谈：自动记录会话内容，智能总结问答、摘要，总结整理高效轻松</li>
 	<li>课程学习：双语课程完整记录，自动提取要点、问答，随时回顾知识点</li>
 	<li>视频浏览：实时双语翻译字幕，英文视频随心看，信息获取更高效</li>
</ul>
2023年6月1日-6月30日为通义听悟公测期。公测期内，包括全文概要、章节速览、发言总结等高阶AI能力在内的全部功能，用户无需申请和排队即可马上体验。同时官网还提供了丰富的权益活动，使用户能够获取更多使用时长。

</div>"
Notta,Notta是一个基于人工智能的语音转文本转录工具，可以帮助你以98%的准确率将104种语言的任何音频转换为文本。Notta适用于任何现代设备，如PC、智能手机和平板电脑，无论你是想从麦克风转录在线会议、网页音频、音频文件还是现场录音，Notta都可以处理。如果你正在寻找一种可靠且专业的工具来将音频在线转录为文本，试试用Notta来制作会议记录和撰写采访文章吧，让你的工作更轻松。
WellSaid Labs,AI文本转语音工具
Voicemod,AI变声工具
对话写作猫,秘塔写作猫推出的AI对话聊天工具
百度AI同传助手,中英文音视频同传字幕工具
搜狗翻译,搜狗翻译是搜狗旗下推出的A智能翻泽工具，可支持中、英、法、日等50多种语言之间的互泽功能，为用户即时免费提供字词、短语、文本翻译服务。
AI Content Detector,Writer推出的AI内容检测工具
词魂,词魂是一个AIGC精品提示词库，你可以在这里找到各类用于A绘画的提示词和咒语，帮助你更好的使用Al工具，快速得到想要的效果，提升工作效率。如果你是一位优秀的提示词创作者，你还可以在这里销售自己的提示词。
Evidently AI,开源的机器学习模型监测和测试工具
Lobe,简单免费的机器学习模型训练工具
Leap,"<div class=""panel-body single my-4 "">

Leap 提供简单易用的API和SDK，帮助开发人员在几分钟内将人工智能添加到自己的应用程序中，如生成图像、编辑图像、微调模型、检索文本上下文等。

Leap 可以在不编写/少量编写代码的情况下与5000多个应用程序集成。该工具提供Javascript、Python和cURL的API，用户可以通过注册免费试用帐户来试用Leap的功能。
<h2>Leap的特色功能</h2>
<ol>
 	<li>多合一AI功能的API。一个平台的API，用于图像、文本、视频等AI功能实现，无需在单个API之间切换。</li>
 	<li>内置测试和试玩工作台。在浏览器中使用Leap提供的人工智能模型，然后再将其集成到自己的应用程序中。</li>
 	<li>与任何应用程序集成。通过提供的Zapier集成，无需编程，便可以将Leap连接到3000多个应用程序。</li>
 	<li>微调训练自定义模型。使用其Dreambooth微调仪表板和API，可训练自定义的模型，无论是人、宠物、对象或自定义风格。</li>
</ol>
<h2>Leap的产品价格</h2>
Leap 的产品定价很简单，提供免费的基础套餐和付费套餐允许用户访问其他高级功能、无限制使用和访问高级队列。
<ul>
 	<li class=""heading-text"">免费套餐
<ul>
 	<li>图像生成：在标准队列中生成 100 张图像。</li>
</ul>
</li>
 	<li class=""heading-text"">付费套餐
<ul>
 	<li>图像生成：每张图像支付 0.005 美元（高级队列）。</li>
 	<li>模型微调：为每个经过训练的模型版本支付 2 美元（高级队列）</li>
 	<li>混合图像：每张图片支付 0.01 美元（高级队列）</li>
</ul>
</li>
</ul>
</div>"
LangChain,"<div class=""panel-body single my-4 "">

<a href=""https://ai-bot.cn/what-is-large-language-model/"">大语言模型（LLM）</a>正在成为一种变革性技术，使开发人员能够构建以前无法构建的应用程序。但是，单独使用这些LLM通常不足以创建一个真正强大的应用程序——当你可以将它们与其他计算或知识来源相结合时，便可能实现其真正的能力。

LangChain是一个用于开发由语言模型驱动的应用程序的框架，允许开发人员将语言模型连接到其他数据源并与其环境相交互。LangChain旨在帮助开发者在以下六个主要领域，按照复杂性递增的顺序：
<ul>
 	<li>📃 LLMs and Prompts: 这包括提示管理、提示优化、适用于所有 LLM 的通用界面以及用于处理 LLM 的通用实用程序。</li>
 	<li>🔗 Chains: 链不仅仅是单个 LLM 调用，而是调用序列（无论是对 LLM 还是对不同的实用程序）。 LangChain 为链提供标准接口、与其他工具的大量集成以及用于常见应用程序的端到端链。</li>
 	<li>📚 Data Augmented Generation: 数据增强生成涉及特定类型的链，这些链首先与外部数据源交互以获取数据以用于生成步骤。 这方面的例子包括对长文本的总结和对特定数据源的问答。</li>
 	<li>🤖 Agents: 代理涉及 LLM 做出关于采取哪些行动的决定，采取该行动，看到一个观察，并重复直到完成。LangChain 为代理提供了一个标准接口，可供选择的代理选择，以及端到端代理的示例。</li>
 	<li>🧠 Memory: 内存是链/代理调用之间持久状态的概念。 LangChain 提供了内存的标准接口、内存实现的集合以及使用内存的链/代理的示例。</li>
 	<li>🧐 Evaluation: [BETA] 众所周知，生成模型很难用传统指标进行评估。 评估它们的一种新方法是使用语言模型本身进行评估，LangChain 提供了一些提示/链来协助这一点。</li>
</ul>
</div>"
NLTK,NLTK(Natural Language Tookit)自然语言工具包——是一套开源Python模块、数据集和教程，支持自然语言处理的研究和开发。NLTK需要Python版本3.7.3.8、3.9、3.10或3.11。
6pen Art,"<div class=""panel-body single my-4 "">

6pen Art 是一个基于 AI 驱动的技术，利用文本生成绘画作品的<a href=""https://ai-bot.cn/best-ai-image-generators/"">AI图像生成工具</a>。用户可以通过文字描述画面内容和风格，就可以得到和生成天马行空，令人惊艳的作品和画面（最高支持4K分辨率）。用户可以通过在线网站、iOS或Android应用程序访问并使用6pen Art。
<h2>6pen Art 的主要功能</h2>
<ul>
 	<li>不同风格的图像生成。6pen Art 支持用户通过纯文字输入或参考图生成不同风格的艺术画图像，如人像、CG渲染、赛博朋克、动画动漫、肖像画、简笔画等等任何风格和题材。</li>
 	<li>易于使用。任何人都可轻易使用的 6pen Art 的 AI技术，将你的绝妙想法快速转化成看得见的图像，并在6pen社区中获得展示，点赞和更多潜在收益</li>
 	<li>提供多种模型。DiscoDiffusion, StableDiffusion，以及6pen自研小模型，未来还将支持更多模型，为用户提供丰富的生成选择</li>
 	<li>支持中文。支持中文提示和描述（prompt），上手更容易，当然英文也没问题</li>
 	<li>不保留版权。6pen 不保留版权，由你用户成出的作品，如无特殊情况，版权都归属于生成者或CC0协议。自用，商用，当头像用，随意怎么用。</li>
</ul>
<h2>如何使用 6pen Art 生成AI图像</h2>
登录/注册 6pen Art 后，自动会进入工具台，点击页面下方的圆形<strong>+</strong>按钮，进入任务创建页面，填写：
<ul>
 	<li>画面描述</li>
 	<li>画面类型</li>
 	<li>风格修饰/艺术家</li>
 	<li>模型选择</li>
 	<li>通道选择</li>
</ul>
如果你选择西瓜模型，则还可以配置分辨率和参考图的选项。

根据以上的选择，6pen Art 会自动计算出消耗的点数，点击「生成」按钮，即可创建一个AI图像生成任务。
<h2>6pen Art 的产品价格</h2>
6pen Art 在充分满足用户的使用需求的同时，提供了两种明确清晰且透明的定价计划，以更好的为 AI 艺术家们提供服务，即「免费通道」和「Pro通道」。
<ul>
 	<li>对于免费通道，用户可以每天免费使用西瓜模型(无论大小)5次，南瓜模型和Stable Diffusion模型次数无限制，其中大西瓜模型因过于耗时而限制了生成图片的尺寸，小西瓜不受影响。</li>
 	<li>对于Pro付费通道，用户的等待时间较短，每次生成图片则会消耗对应的点数（5 元 20点数，30 元 200点数，100 元 800点数，500 元 5000 点数），不同模型和不同分辨率的图片会消耗不同的点数，
<ul>
 	<li>南瓜模型：2点数</li>
 	<li>西瓜模型：8点数</li>
 	<li>西瓜模型(大模型版)：12点数</li>
 	<li>西瓜模型(人像优化版)：6点数</li>
 	<li>Stable Diffusion 模型：2点数</li>
</ul>
</li>
</ul>
<h2>常见问题</h2>
6pen Art 由哪家公司开发？

6pen Art 是由北京毛线球科技有限公司（面包多背后的团队）于 2022 年 4 月推出的一个在线的AI图片生成工具，累计已经为超过 100 万用户生成过上亿张好看的图片。

6pen Art 是免费的吗？

6pen Art 的免费通道可供用户每日生成有限次数的AI图片，等待时间在20秒到12分钟之间，用户通过成为认证创作者和邀请其他用户，可以获得免费赠送的额外点数。

6pen Art 生成的图片版权归属？
<div data-page-id=""doxcnmWzSJih4xKZwePFuOGfqke"" data-docx-has-block-data=""false"">
<div class=""ace-line ace-line old-record-id-doxcna4uUYWWKECiAvfKCd8Uvbt"">6pen Art 使用的 南瓜、西瓜模型，都采用 MIT 协议开源，在此基础上进行了深度定制，并将生成出来的图片版权，完全授权给生成者本人，这意味着，由你生成的图片，如无意外情况，版权都归属于你。</div>
</div>
</div>"
堆友AI反应堆,"<div class=""panel-body single my-4 "">

堆友是阿里巴巴设计师团队原创的一个免费可商用3D头像、3D场景、3D元素等的资源网站和在线编辑神器，近期堆友上线了「AI反应堆」功能，帮助设计师、画手、大学生、兴趣爱好者快速生成高质量绘画，支持文生图、图生图和创作社区同款。
<h2>堆友AI反应堆的特色功能</h2>
<ul>
 	<li>大厂匠心出品：阿里设计师和开发团队精心打造的多风格AI绘画生成器</li>
 	<li>零门槛可创作：无需绘画技能，也能轻松创作出与众不同的艺术作品</li>
 	<li>免费轻松生成：只需一键操作，即可免费生成惊艳绘画作品</li>
 	<li>风格多元供需：从抽象到写实，多款风格任你选择，满足不同创作需求</li>
 	<li>AIGC大佬力荐 ：靠谱的轩轩、DynamicWang等AIGC行业大咖强烈推荐的AI绘画工具，让你的创意无限释放</li>
</ul>
<a class=""js"" href=""https://ai-bot.cn/wp-content/uploads/2023/07/d-design-ai-steps.jpeg"" data-fancybox=""fancybox"" data-caption=""堆友AI反应堆生成绘画""><img class=""alignnone size-full wp-image-503"" src=""http://ai.thinkgs.cn/wp-content/uploads/2023/08/d-design-ai-steps.jpeg"" alt="""" width=""800"" height=""450"" /></a>
<h2>如何使用堆友AI反应堆？</h2>
<ol>
 	<li>访问堆友AI反应堆的官网，点击开始创作按钮</li>
 	<li>进入到作图界面后，选择模型风格、输入画面描述</li>
 	<li>调节画面、图片比例、生成张数等参数</li>
 	<li>然后点击立即生成按钮即可</li>
</ol>
<h2>堆友AI反应堆是免费的吗？</h2>
堆友AI反应堆目前来说是免费有限使用的，暂没有推出充值选项。堆友AI反应堆每次生成图片需要消耗一定数量的堆豆，标准尺寸的单张绘画生成，需要消耗5堆豆。通过堆友赠送的堆豆，已经够免费生成几十张图片了。
<ul>
 	<li>新用户首次登录/注册后堆友会免费赠送50堆豆</li>
 	<li>每日登录会赠送50堆豆</li>
 	<li>关注公众号会赠送20堆豆</li>
 	<li>邀请好友每邀请一位赠送50堆豆</li>
 	<li>收藏网址到书签栏赠送50堆豆</li>
 	<li>完善个人信息可获得20堆豆。</li>
</ul>
<h2>堆友可以生成哪些风格的绘画？</h2>
堆友AI反应堆目前支持生成怀旧日漫、厚涂插画、等距景观、赛博朋克、场景插画、风光摄影、清新写真、CG人物、水彩等风格的绘画，也会根据你输入的画面描述智能推荐和匹配。

</div>"
WHEE,"<div class=""panel-body single my-4 "">

WHEE是美图基于其视觉大模型MiracleVision最新推出的AI图片和绘画创作平台，该<a href=""https://ai-bot.cn/best-ai-image-generators/"">AI图片生成工具</a>支持多种模式的图片创作，包括文生图、图生图、风格模型训练和创作提示词库。
<h2>WHEE的主要功能</h2>
<ol>
 	<li>AI文生图。用户只需输入提示词，AI便会帮你生成想要的画面。用户还可以选择和调整画面风格、画面尺寸、生成数量等参数。</li>
 	<li>AI图生图。用户可以导入照片，在AI的帮助下将上传的图片转换成不同的风格。</li>
 	<li>风格模型训练。WHEE还支持自定义训练自己的专属风格模型，该功能需要加入到内测中。</li>
 	<li>AI创作词库。WHEE提供了一个中英文的提示词助手，帮助你精准匹配风格词，更加精确地生成满足自己需求的画面。</li>
</ol>
<h2>如何使用WHEE生成图片</h2>
<ol>
 	<li>访问WHEE的官网whee.com，选择文生图或者图生图（注意：请使用国内的网络访问，否则WHEE的网页可能会显示空白）</li>
 	<li>登录/注册你的美图账号，登录成功后会自动跳转到AI创作界面</li>
 	<li>在左边输入你的创意描述，并调整相应的选项和参数</li>
 	<li>最后点击立即生成的按钮，等待生成完毕即可</li>
</ol>
<a class=""js"" href=""https://ai-bot.cn/wp-content/uploads/2023/06/whee-demo.png"" data-fancybox=""fancybox"" data-caption=""WHEE生成图片""><img class=""alignnone size-full wp-image-506"" src=""http://ai.thinkgs.cn/wp-content/uploads/2023/08/whee-demo.png"" alt="""" width=""800"" height=""491"" /></a>

</div>"
简单AI,"<div class=""panel-body single my-4 "">

简单AI是搜狐最新推出的智能图片生成平台和社区，是一个适合小白直接上手的<a href=""https://ai-bot.cn/best-ai-image-generators/"">AI图片生成工具</a>，提供文生图和图生图两种模式，上手简单，且生成质量较好。目前，用户可以通过简单AI每日免费生成 10 张图片。同时，该平台还提供用户作品分享社区、创作同款、提示词参考等功能。
<h2>简单AI的产品功能</h2>
<ol>
 	<li>内置多个主体对象的模板，包括人物头像、美女帅哥、艺术流派、动物、风景等</li>
 	<li>提供多种画风生成渲染，包括迪士尼、二次元、手绘、水彩、古风、毕加索、赛博朋克等</li>
 	<li>支持中英文描述，使用短的词语、英文描述效果更佳</li>
 	<li>灵活多样的设置选项，可以设置尺寸比例、参考图、数量等</li>
</ol>
<a class=""js"" href=""https://ai-bot.cn/wp-content/uploads/2023/08/ai-sohu-screenshot.png"" data-fancybox=""fancybox"" data-caption=""搜狐简单AI""><img class=""alignnone size-full wp-image-509"" src=""http://ai.thinkgs.cn/wp-content/uploads/2023/08/ai-sohu-screenshot.png"" alt="""" width=""800"" height=""450"" /></a>
<h2>如何使用简单AI生成图片</h2>
<ol>
 	<li>访问简单AI的官网，点击顶部菜单栏的生成图片选项</li>
 	<li>进入操作界面，选择内置的模板，输入图片描述</li>
 	<li>可选择上传参考图、尺寸比例和图片数量</li>
 	<li>设置完毕后点击蓝色的生成图片按钮即可</li>
</ol>
</div>"
美图AI文生图,"<div class=""panel-body single my-4 "">

美图AI文生图原是由美图创意平台推出的<a href=""https://ai-bot.cn/best-ai-image-generators/"">AI图像创作工具</a>，现已集成到<a href=""https://ai-bot.cn/sites/2400.html"">美图设计室</a>中，用户只需输入文字创意描述，并选择自己喜欢的模型风格，点击立即生成即可获得由美图AI创作的一幅画作。
<h2>美图AI文生图的主要功能</h2>
<ol>
 	<li>通过文本描述快速生成高质量图片和插画，无需复杂的语句，用户只需用简明扼要的词语组合对所要展示的创意进行描绘，如：“中国山水画，群山耸立，云雾缭绕”。</li>
 	<li>内置多种模型风格，满足不同画风的需求，包括万物二次元、至臻风光、游戏CG、国风少年、古早海报、概念设计、质感游戏、写实真人、精美动漫、音画视觉、冰与火、灵瞳、童趣3D、平涂日漫等风格。</li>
 	<li>灵活的参数设定，用户可选择图片的尺寸和比例（常见的如1:1、2:3、3:4、9:16、3:2、4:3、16:9等），也可以自定义像素宽高和生成的张数。</li>
</ol>
<h2>如何使用美图AI文生图</h2>
<ol>
 	<li>点击上方的访问官网按钮，或者在「美图设计室」的首页点击AI文生图（注意：请使用国内的网络访问，否则网页可能会显示空白）</li>
 	<li>登录或注册你的美图账号</li>
 	<li>在左侧的区域描述你的创意、选择你感兴趣的模型风格（如二次元、游戏CG、国风、动漫、写实真人等风格）</li>
 	<li>设定画面尺寸比例和像素大小，并输入生成的图片张数</li>
 	<li>最后点击蓝色的立即生成按钮即可</li>
</ol>
<a class=""js"" href=""https://ai-bot.cn/wp-content/uploads/2023/05/meitu-aigc-features.png"" data-fancybox=""fancybox"" data-caption=""如何使用美图AI文生图""><img class=""alignnone size-full wp-image-512"" src=""http://ai.thinkgs.cn/wp-content/uploads/2023/08/whee-demo-1.png"" alt="""" width=""800"" height=""491"" /></a>

</div>"
创客贴AI画匠,"创客贴A画匠是在线平面设计创作神器「创客贴」推出的在线A艺术画生成工具，用户只需输入关键词，便可以生成精美的插画，CG、彩绘、国画，油画等多样的画面风格自由生成，灵活多变。

只需要输入一段带有画面描述特征的的文本并选择想要的尺寸，就可以一键生成图片。模型生成的图统一遵循CCO 1.0规则，用户可用作素材、海报、头像、壁纸等。"
文心一格,"<div class=""panel-body single my-4 "">

文心一格是由百度推出的依托其文心大模型和飞桨技术的文本生成图片的 AI 艺术和创意辅助平台，于2022年8月正式发布。作为国内第一梯队的<a href=""https://ai-bot.cn/best-ai-image-generators/"">AI图片生成的工具</a>和平台，文心一格可以进行国风、油画、水彩、水粉、动漫、写实等十余种不同风格高清画作的生成。

文心一格面向的用户人群非常广泛，既能启发画师、设计师、艺术家等专业视觉内容创作者的灵感，辅助其进行艺术创作，还能为媒体、作者等文字内容创作者提供高质量、高效率的配图。

<a class=""js"" href=""https://ai-bot.cn/wp-content/uploads/2023/05/wenxin-yige-page.png"" data-fancybox=""fancybox"" data-caption=""""><img class=""alignnone size-full wp-image-520"" src=""http://ai.thinkgs.cn/wp-content/uploads/2023/08/wenxin-yige-page.png"" alt="""" width=""800"" height=""450"" /></a>
<h5><strong>💵 产品价格</strong></h5>
目前文心一格是采用的免费增值模式，新用户注册登录后可以获得 50 的电量用以生成图像，签到、分享和公开自己的画作可以获得额外免费的电量。你也可以采用付费充值电量，9.9 元 80 个电量、15.9 元 200 个电量、49.9 元 800 个电量、599 元 1 万个电量。

</div>"
ARC,腾讯旗下ARC实验室推出的AI图片处理工具
remove.bg,强大的AI背景移除工具
Ribbet.ai,AI图片处理工具箱
Upscayl,Upscayl是一个精美的免费开源的AI图片无损放大工具，同时支持Windows、Mac、Linux等桌面系统，近80万人都在使用!
标小智Logo生成,"人工智能AI生成Logo设计工具

<img class=""alignnone size-full wp-image-531"" src=""http://ai.thinkgs.cn/wp-content/uploads/2023/08/微信截图_20230824143701.png"" alt="""" width=""2560"" height=""1306"" />"
Midjourney,"<div class=""panel-body single my-4 "">

你有没有想过你可以把你输入的文本变成图片？ 想象一下，只需几句话就能为你的故事、演示文稿、游戏或艺术项目创建令人惊叹的视觉效果，这正是Midjourney所做的。Midjourney是一个<a href=""https://ai-bot.cn/best-ai-image-generators/"">文本生成图像的AI工具</a>，可让你从任何文本描述中生成逼真且多样化的图像。无论你想创造奇幻风景、未来城市、可爱动物，还是任何你能想到的东西，Midjourney都可以帮助你实现。
<h2>Midjourney的发展历史</h2>
Midjourney 由一群对人工智能和创造力充满热情的研究人员和工程师于 2022 年创立，他们受到OpenAI 的 <a href=""https://ai-bot.cn/sites/50.html"">DALL-E</a>和<a href=""https://ai-bot.cn/sites/123.html"">Stable Diffusion</a>模型的突破的启发——从自然语言输入创建高质量图像。

然而，他们也注意到这些模型有一些局限性。 例如，它们经常生成模糊或扭曲的图像，无法捕捉到复杂的细节或情绪，或者生成的图像与用户的意图不符。Midjourney 的创始人希望创建一种 AI 来克服这些挑战，并生成不仅逼真而且富有表现力和多样性的图像，让用户更好地控制自己的创作，让他们能够无限制地探索自己的想象力。

为了实现这一目标，他们基于最先进的技术开发了自己的专有模型，例如Transformer、生成式对抗网络 (GAN) 和自注意力机制。 他们还收集并整理了来自不同领域和流派的文本图像对的大规模数据集，经过数月的努力和测试，终于在2022年底推出了Midjourney作为在线平台，任何人都可以访问他们的AI 免费生成图像。
<h2>Midjourney的主要特点</h2>
Midjourney有几个特点使其从其他文本到图像的AI工具中脱颖而出：
<ul>
 	<li>现实逼真。Midjourney可以产生看起来逼真自然的图像，它可以处理具有多个对象、背景、灯光效果的复杂场景和视角。 它还可以捕获细微的细节，例如纹理、阴影和反光。</li>
 	<li>情感表达。Midjourney可以产生传达情感和情绪的图像，它可以根据用户的输入调整不同颜色、品味、和风格的图像。它还可以生成面部表情、身体语言、以及人类或动物角色的手势。</li>
 	<li>多样性。Midjourney可以产生多样化且独特的图像，它可以为每个输入生成多个变体，允许用户选择他们最喜欢的一个或将它们组合在一起。 它还可以在图像中引入随机元素或惊喜，让他们更有创意和乐趣。</li>
 	<li>交互性。Midjourney允许用户以各种方式与他们的图像进行交互， 用户可以编辑他们的输入、添加标题或应用过滤器来改变图像的外观。用户还可以在 Discord、Twitter 或 Instagram 等社交媒体平台上与其他用户分享他们的图像。</li>
</ul>
</div>"
天工巧绘SkyPaint,天工巧绘SkyPaint是由昆仑万维与奇点智源合作推出的在线免费的A插画绘制工具，天工巧绘SlyPaint来自昆仑万维旗下的「昆仑天工」，这是昆仑万维集团推出的全系列AIGC算法与模型。天工巧绘采用全球第一款多语言Stable Difusion分支模型，兼容Stable Difusion;使用1.5亿中英双语语料，支持中英双语输入实现文字生成图像，是国内为数不多的支持中英双语的文图生成模型。
Skybox AI,"<div class=""panel-body single my-4 "">

Skybox AI是由Blockade Labs推出的AI在线生成和合成360°全景图片的工具，该人工智能驱动的工具，可以从图像中生成全景图。提供了一系列的风格可选择，包括幻想风景、动漫艺术风格、超现实风格、数字绘画、、星云、现实主义、科幻梦幻和室内景观等。
<h2>Skybox AI的主要功能</h2>
<ul>
 	<li>支持3种创作模式。Create New可以从头输入文本描述创建一个全景图片、Remix This可以保留原有的特点，将图像换成新的风格或微调其中的物体、Add to This可以添加新的物体到全景图片中（即将推出）</li>
 	<li>多种风格可选择，数字艺术、写实风格、幻想大陆、科幻风格、赛博朋克、油画风、水彩风、Low Poly、CG风等近30种风格</li>
 	<li>添加自定义笔刷，在左侧的工具栏中，你可以选择画笔工具和显示指南。你画的任何形状和线条都会在你的新天幕上出现，同时还有提示。</li>
</ul>
<div id=""attachment_2572"" class=""wp-caption alignnone"" style=""width: 810px;"">

<a class=""js"" href=""https://ai-bot.cn/wp-content/uploads/2023/05/skybox-ai-hyrule.jpeg"" data-fancybox=""fancybox"" data-caption=""Skybox AI海拉鲁大陆""><img class=""alignnone size-full wp-image-544"" src=""http://ai.thinkgs.cn/wp-content/uploads/2023/08/skybox-ai-hyrule.jpeg"" alt="""" width=""800"" height=""450"" /></a>
<p id=""caption-attachment-2572"" class=""wp-caption-text"">使用Skybox AI创建的海拉鲁大陆</p>

</div>
</div>"
FlagStudio,"Flag Studio是由北京智源人工智能研究院（简称智源研究院)）推出的A文本图像绘画生成工具，用户只需输入一句话，便能生成精美的画作。

Flag Sudio支持文生图和图生图模式，你可以使用该工具生成任何你感兴趣的风格，如国画、写实主义、虚幻引擎、low poly、动漫风格、涂鸦、赛博朋克等。"
Deep Dream Generator,"Deep Dream Generator是一款人工智能艺术图片生成器，可以将简单的文本输入转化为图像。只需输入一段简单的文本，便可以生成一幅令人惊叹的梦幻般的照片。输出的图像是人工智能想象的结果。图像是独一无二的，不存在重复的部分。

该工具为你提供了三种艺术生成模式和大量高级控制功能，可以对你的艺术进行微调。Deep Dream Generator也是一个人工智能生成艺术的社区。你可以创建个人资料页面，发布图片和分享你的AI艺术创作，点赞和关注其他创作者，探索其他人发布的作品。"
无限画,"无限画——作为首批国产智能图像设计工具，通过整合千库多年的设计行业知识经验、资源数据及前沿的AIGC技术，依托强大的智能设计引擎，可在极短的时间内为视觉的表达提供千万种可能，用户仅需通过无限画进行简单的文本输入，便可一键生成目标图像，得到高品质、低成本的各类领域图片。

无限画的应用场景广泛，可以帮助用户快速生成草图，提供灵感，或者在绘画过程中提供辅助工具，帮助用户更快速地创建高质量的设计作品，从而提升工作效率!

后续无限画将继续运用人工智能技术来开发出更加智能化的创意生产工具，通过智能化平台激发用户创意，提升内容多样化，缓解素材压力，并生成更加垂直的内容素材，实现大规模应用，致力于满足个人用户和企业客户的设计需求。"
BlueWillow,免费的AI图像艺术画生成工具
dreamlike.art,免费在线插画生成工具
Tiamat,国内团队推出的AI艺术画生成工具
Vega AI,Vega Al是国内初创公司右脑科技(RightBrain AI）)推出的在线训练应用A创作平台，是一款免费的A创作工具，支持在线训练A绘画模型，支持文生图，图生图，条件生图等多种绘画模式。
Wepik AI,Freepik是国外知名的可免费商用高质量图片、矢量图、插图及PSD素材资源平台，该网站旗下的Wepik团队同样也推出了A文本到图像生成的在线工具。
万兴爱画,"万兴爱画是由万兴科技（万兴瞄影、PDFelement产品背后的公司)推出的AICC艺术画生成工具，用户只需要输入几个描述性的提示词，万兴爱画便会自动处理生成图片和插画。

除了网页端，万兴爱画还提供手机端的应用程序，帮助你随时随地进行A绘画创作。无论你是寻求高效率、新灵感的美术/游戏工作者，还是没有绘画功底、想要记录脑洞画面的玩家，都可以利用万兴爱画创作出高品质的艺术插画。"
Hotpot AI Background Remover,Hotpot.ai推出的图片背景移除工具
Zyro AI Background Remover,Zyro推出的AI图片背景移除工具
Quicktools Background Remover,Picsart旗下的Quicktools推出的图片背景移除工具
BGremover,Vance AI推出的图片背景移除工具
Removal.AI,AI图片背景移除工具
Adobe Image Background Remover,Adobe Express的图片背景移除工具
BgSub,BgSub是一个完全免费的在线A抠图工具，使用先进的人工智能技术，自动替换图像的背景。不仅可以自动去除图像背景，而且无需上传你的图像数据，从根本上保护用户隐私。BqSub拥有着丰富的抠图功能，支持去除图像背景、替换图像背景、A调色、自由调整、艺术滤镜等。最高支持4096-4096分辨率，处理后的图片一样可以免费商用。
Erase.bg,Erase.bg是一款优质的在线AI抠图工具，利用人工智能的技术自动消除图像背景，让从图像中删除分散注意力或杂乱的背景变得更加容易。Erasebog 只需几秒钟就可以识别前景对象并擦除周围的背景，省去了使用复杂图片编辑软件的麻烦，最高支持5000*5000分辨率。
ClipDrop Remove Background,ClipDrop出品的AI图片背景移除工具
Icons8 Background Remover,Icons8出品的免费图片背景移除工具
Upscale.media,Upscale.media是由 Pivel Bin推出的一个人工智能图片放大网站，可以将低分辨率图像其转换为清晰、高清的版本。该A图片放大工具使用先进的深度学习算法，可以为像素化图像添加逼真的细节和纹理，在保持自然外观的同时有效提高分辨率。无论你是想改善旧照片提高打印或网络图像的分辨率，还是减少图像噪声和压缩伪影，Upscale.media都提供了一种简单而强大的方式。
Media.io AI Image Upscaler,Media.io推出的AI图片放大工具
Zyro AI Image Upscaler,Zyro出品的人工智能图片放大工具
Fotor AI Image Upscaler,Fotor推出的AI图片放大工具
Img.Upscaler,"Img,Upscalet是一个在线的智能IPG/PNG图片放大器，利用最新的人工智能和超分辨率技术，只需要几秒钟，便可以将低分辨率图像变得高清。该工具还集成了图像编辑器工具，用于在图像放大之前或之后进行裁剪、滤镜、微调、注释等。"
Icons8 Smart Upscaler,lcons8 Smart Upscaler是图标和设计资源平台lcons8推出的A图片放大网站，该工具利用先进的人工智能技术，可以增加任何的数字图像的大小和分辨率，同时保留和增强自然纹理和细节。无论是小尺寸的社交媒体图像，还是手机相册里的模糊老照片， lcons 8 Smart Upscaler基于人工智能的算法可以研究你的图像，并以高达原始分辨率8倍的分辨率智能地重新创建它们。
Let's Enhance,"<div class=""panel-body single my-4 "">

Let's Enhance 是一个由人工智能驱动的在线<a href=""https://ai-bot.cn/free-ai-image-upscalers/"">AI图片放大工具</a>，可以在不降低质量的情况下改善图像和缩放图像。该工具使用了机器学习的超分辨率技术，在大量真实照片基础上训练的神经网络，依靠其对现实世界中存在的典型物体和纹理的了解，学习恢复细节并保持清晰的线条和轮廓。

除开无损放大功能外，Let's Enhance 还推出了 AI 图片生成功能，可以帮助用户从文本快速生成高质量的艺术插画和数字资产。
<h2>Let's Enhance的主要功能</h2>
<strong>1. 对于创意人员</strong>
<ul>
 	<li>调整图片大小，使其清晰明了，并可用于任何网络和印刷格式；</li>
 	<li>使用AI在几秒钟内增强低质量的图片，为创意任务节省时间；</li>
 	<li>提升任何照片的质量，包括老照片、数字艺术、肖像、风景、标志和产品图片等。</li>
</ul>
<strong>2. 对于印刷需求</strong>
<ul>
 	<li>提高打印质量： 利用人工智能在打印中获得更高的分辨率、色彩和清晰度。</li>
 	<li>获得 300+ DPI： 任何图像都能达到专业级的、清晰的、细致的打印效果。</li>
 	<li>按需打印的API： 利用人工智能驱动的升级API，增强POD工作流程。</li>
</ul>
<strong>3. 对于AIGC艺术画</strong>
<ul>
 	<li>高分辨率的人工智能艺术： 增强人工智能生成的图像，创造出视觉上令人惊叹的杰作。</li>
 	<li>将人工智能生成的艺术提升到所需的分辨率，包括高清、4K或更大的分辨率。</li>
 	<li>提供文本到图像生成器： 在几秒钟内将文字变成吸引人的、独特的艺术作品。</li>
</ul>
<h2>Let's Ehance的产品价格</h2>
Let's Enhance 针对不同的用户群体和需求，提供了3种不同的产品定价模式：
<ol>
 	<li> 针对个人订阅，免费版可以免费无损放大10张图片，年付版9美元/月可每月处理100张图片，年付版24美元/月可每月处理300张图片、年付版34美元/月可每月处理500张图片</li>
 	<li>针对商务和企业订阅，月付版72美元每月可处理1000张图片，月付版160美元可处理2500张图片，月付版290美元可处理5000张图片。</li>
 	<li>针对偶尔使用的用户提供按数量计费的一次性付费模式，一次性付9美元可处理20张图片，19美元可处理50张图片，39美元可处理120张图片。</li>
</ol>
<h2>常见问题</h2>
Let's Enhance 最高可以把图像放大到什么分辨率？

免费用户可以将图片放大到6400万像素，付费用户的上限是256MP像素，商业计划有500MP像素的限制。

如何使用 Let's Enhance 提高图像清晰度

只需访问 Let's Enhance 的官网，然后登录/注册你的账号，然后上传你的图片，打开 Light AI 的开关，以改善颜色和照明，点击开始处理即可。

Let's Enhance 是免费的吗？

每个新用户可获得10个免费点数，你可以测试 Let's Enhance 的照片增强和图像放大软件，如果你对其结果满意的画，可以购买他们的付费计划。

</div>"
BigJPG,BigJPG AI图片放大工具，使用最新的人工智能深度学习技术——深度卷积神经网络，将噪点和锯齿的部分进行补充以实现图片的无损放大。BigJPG通过神经网络，针对放大图片的线条、颜色、网点等特点，做特殊的算法调整，所以放大效果非常出色，色彩保留较好，图片边缘也不会有毛刺和重影。
transpic,"<div class=""panel-body single my-4 "">

transpic是一个AI图像转绘插画创作平台，方便设计师寻找素材/灵感后进行转绘创作参考，普通用户也可以使用该工具来转绘头像。使用非常简单，用户只需上传图片，然后借助AI便可以将该图片转绘成其他风格。
<h2>transpic支持的转绘类型</h2>
transpic支持将图片转绘成19种不同的风格，
<ol>
 	<li>场景/速涂类，概念场景、迪士尼风格、概念人物、二次元场景、现实质感、环境艺术等转绘风格出图效果更佳</li>
 	<li>人物/角色类，二次元人物、迪士尼风格、人物设计、概念场景、概念人物、现实质感等转绘风格出图效果更佳</li>
 	<li>照片/摄影类，环境艺术、人物设计、概念场景、二次元人物、概念人物、油画质感等转绘风格出图效果更佳</li>
</ol>
<a class=""js"" href=""https://ai-bot.cn/wp-content/uploads/2023/08/transpic-ai-website.png"" data-fancybox=""fancybox"" data-caption=""transpic ai""><img class=""alignnone size-full wp-image-647"" src=""http://ai.thinkgs.cn/wp-content/uploads/2023/08/transpic-ai-website.png"" alt="""" width=""800"" height=""450"" /></a>
<h2>如何使用transpic</h2>
<ol>
 	<li>访问transpic的官网，在左侧上传图片</li>
 	<li>调整出图相似度（相似度越低，效果越天马行空）</li>
 	<li>选择出图模型</li>
 	<li>最后点击转绘按钮即可</li>
</ol>
<h2>transpic的产品价格</h2>
用户登录注册transpic后，可获得30积分用于进行图片转绘，出图张数消耗相同数量的积分。另外，每邀请好友注册一次可获得30积分。也可以选择充值获得更多的积分，充值比例为1元=10积分，充值也会获得官方额外赠送的积分。

</div>"
Colourlab.ai,好莱坞也在用的AI视频颜色分级工具
Veed Video Background Remover,Veed推出的AI视频背景移除工具
万彩微影,"<div class=""panel-body single my-4 "">

万彩微影是一款全能的AI智能短视频制作软件合集，通过它的智能AI技术，企业和自媒体及个人可以高效快速智能的制作令人夺目的短视频作品，它制作的作品可以广泛用于宣传，微课，动画短片等多个领域，并适合在抖音快手等平台传播吸粉。该AI视频工具，可以帮助你轻松打造自媒体手绘/文字/图文/照片短视频，让你零基础快速制作动画短视频。
<h2>万彩微影可以做什么？</h2>
<ul>
 	<li>支持多种视频类型的创作，抖音和快手短视频、企业营销视频、知识百科视频、产品宣传视频、文字快闪视频等，是企业和自媒体营销神器</li>
 	<li>操作简单易用，万彩微影的极简智能操作，可以帮助用户快速出片，提高视频制作效率</li>
 	<li>常用短视频制作一键转换软件合集，提供图文视频工具、文字视频工具、手绘视频工具和相册视频工具等4个工具
<ul>
 	<li>图文视频工具可帮助用户使用AI智能一键文章转短视频或导入PPT转换</li>
 	<li>文字视频工具提供文字模式、字幕模式、MV模式、视频加字幕模式，帮助用户快速制作文字动画视频，支持纯文本输入和导入音/视频和录音识别。</li>
 	<li>手绘视频工具，利用生动创意的手势动画配合白板制作创意的动画短视频</li>
 	<li>相册视频工具是一个免费的照片视频制作功能，只需几步，照片变身精彩的视频，轻松制作各大主题精美相册（如婚礼视频、毕业视频、企业宣传、旅行相册等）</li>
</ul>
</li>
</ul>
<h2>万彩微影有哪些功能特色？</h2>
<ol>
 	<li>60+ 2D/3D 动画人物角色，生动解说</li>
 	<li>一键文字转语音，输入文字便可以转换/合成语音</li>
 	<li>支持主流视频格式输出，MP4、MOV、AVI、WMV、FLV、MKV等</li>
 	<li>轻松分享到各大社交/视频媒体平台，如哔哩哔哩、腾讯视频、微博、优酷、爱奇艺等</li>
</ol>
<h2>万彩微影的产品价格</h2>
万彩微影提供4个不同的权益，包含免费版、标准版、高级版和专业版
<ul>
 	<li>免费版 - 无需付费，支持输出标清576P的视频，有水印</li>
 	<li>标准版 - 399元永久使用，提供较多的动画和音效资源和其他功能模块，输出视频无水印</li>
 	<li>高级版 - 499元永久使用，在标准版的基础上提供更多的资源，并赠送万彩特效大师3个月</li>
 	<li>专业版 - 599元永久使用，在高级版的基础上提供最丰富的资源和功能</li>
</ul>
<h2>常见问题</h2>
<strong>Q：万彩微影支持什么电脑系统？</strong>

A：万彩微影目前需要在Windows电脑上使用，支持 Windows 11/10/8/7/Vista 等系统。

<strong>Q：万彩微影中的素材可以商用吗？</strong>

A：软件中标注“商”字的素材（如模板、图片、场景、角色等）都是可以商用的，版权没问题；没有标注“商”字的素材不能用于商用用途，只供学习使用。

<strong>Q：万彩微影账号能否同时登录使用？</strong>

A：不支持同时登录。

</div>"
HeyGen,HeyGen是一个A视频创建平台，帮助你用生成性人工智能创建引人入胜的商业视频，就像为各种使用案例制作PowerPoint幻灯片一样容易，该工具免费版提供1分钟的时长。
万兴播爆,万兴科技推出的AI数字人口播视频营销工具
DeepBrain,AI口播视频生成工具
DreamFace,让图片动起来的AI工具
EbSynth,EbSynth是一款强大的A视频工具，可以帮助用户将现实场景的视频转化为丰富多彩的油画风格动画视频，目前该工具在免费Beta测试中，支持Windows和Mac平台。
Unscreen,AI智能视频背景移除工具
Artflow,Aetlow是一个AI动画创建工具，可以帮助你毫不费力地将创意转化为动画故事，让创意源源不断。Artiow允许你使用人工智能生成的素材，用原创角色创建自己独特的动画故事。
Wonder Studio,"<div class=""panel-body single my-4 "">

Wonder Studio是由初创公司Wonder Dynamics推出的一款AI工具，无需复杂的 3D 软件，无需昂贵的制作硬件，便可以自动为 CG 角色制作动画、打光并将其合成到真人场景中。

<a class=""js"" href=""https://ai-bot.cn/wp-content/uploads/2023/04/wonder-studio-demo.jpeg"" data-fancybox=""fancybox"" data-caption=""Wonder Studio展示""><img class=""alignnone size-full wp-image-700"" src=""http://ai.thinkgs.cn/wp-content/uploads/2023/08/wonder-studio-demo.jpeg"" alt="""" width=""600"" height=""306"" /></a>

</div>"
快剪辑,"<div class=""panel-body single my-4 "">

快剪辑是360旗下推出的支持在线视频剪辑的软件，拥有强大的云端剪辑能力，其智能工具箱提供了多种AI工具，帮助创作者更加高效快捷地剪辑视频，满足不同行业用户的使用需求。适用于电商营销、内容营销、短视频创作等场景，为有视频剪辑需求的中小机构或个人提供从端到端的一站式视频创作服务。
<h2>快剪辑的AI功能</h2>
<ol>
 	<li>文本剪视频，输入文本描述，结合视频模板一键成片，让你快速上手剪辑操作</li>
 	<li>AI数字人，快剪辑提供超过20个不同风格和外观的虚拟数字人，只需输入文案，从提供的20+ AI配音中选择一个你喜欢的，便可以智能生成口播视频</li>
 	<li>智能去字幕，上传视频素材，快剪辑便能帮助用户自动地去除视频中的字幕，保留素材中的主体画面，方便你的二次创作</li>
 	<li>智能去水印，添加视频素材，框选水印区域，快剪辑便能快速抹除烦人的视频水印</li>
 	<li>智能抠像，无需绿幕，选择设置抠像背景，快剪辑便能抠除视频人像背景</li>
 	<li>视频转换，快剪辑还支持将视频智能转换和提取为文本或音频</li>
</ol>
<a class=""js"" href=""https://ai-bot.cn/wp-content/uploads/2023/06/kuaijianji-ai-tools.png"" data-fancybox=""fancybox"" data-caption=""快剪辑AI工具""><img class=""alignnone size-full wp-image-704"" src=""http://ai.thinkgs.cn/wp-content/uploads/2023/08/kuaijianji-ai-tools.png"" alt="""" width=""1000"" height=""361"" /></a>
<h2>快剪辑的产品价格</h2>
快剪辑提供不同权益的免费版和会员版本，以满足不同创作者的剪辑需求。
<ol>
 	<li>免费版，可进行智能字幕、AI文案创作、AI朗读、AI数字人及其他AI功能的免费试用</li>
 	<li>标准版，29.9元/月，提供更多AI功能、更长智能剪辑时长、更高清画质，适合个人创作者轻量编辑，</li>
 	<li>专业版，199元/月，在标准版的权益上，提供更全面的功能，适合个人及中小团队使用和企业商用授权。</li>
</ol>
</div>"
Runway,"Runway最开始是一个供创作人员以直观的方式使用机器学习工具的平台，而不需要任何编码经验，用于视频、音频和文本等媒体。Runway的AlMagic Tools目前提供了超过了30+的AI工具，在Runway上，用户可以创建并发布预先训练好的机器学习模型，用于生成逼真的图像或视频等应用。用户还可以训练自己的模型，并直接从GitHub导入新的模型。

而在3月23日，Runway发布了Gen-2模型e，允许用户从文本、图像和视频片段中生成视频内容。"
一帧秒创,"<div class=""panel-body single my-4 "">

&nbsp;

一帧秒创是基于秒创AIGC引擎的智能AI内容生成平台，为创作者和机构提供AI生成服务，包括文字续写、文字转语音、文生图、图文转视频等创作服务，一帧秒创通过对文案、素材、AI语音、字幕等进行智能分析，快速成片，零门槛创作视频。

<a class=""js"" href=""https://ai-bot.cn/wp-content/uploads/2023/04/yizhentv-banner.jpeg"" data-fancybox=""fancybox"" data-caption=""一帧秒创的官网""><img class=""alignnone size-full wp-image-715"" src=""http://ai.thinkgs.cn/wp-content/uploads/2023/08/yizhentv-banner.jpeg"" alt="""" width=""800"" height=""268"" /></a>
<h2><strong>一帧秒创可以做什么？</strong></h2>
AI智能视频创作平台，文案、视频、画作，都可由AI创作完成。最核心的功能是AI写作、AI智能图文转视频、AI绘画。

<a class=""js"" href=""https://ai-bot.cn/wp-content/uploads/2023/04/yizhentv-features.jpeg"" data-fancybox=""fancybox"" data-caption=""一帧秒创的功能""><img class=""alignnone size-full wp-image-716"" src=""http://ai.thinkgs.cn/wp-content/uploads/2023/08/yizhentv-features.jpeg"" alt="""" width=""800"" height=""259"" /></a>
<h3><strong>AI</strong><strong>写作</strong></h3>
写一个标题，选择文章风格，AI就能快速生成一篇文案，生成的文案也可直接转成视频。
<h3><strong>AI</strong><strong>智能图文转</strong><strong>视频</strong></h3>
输入文案或文章链接，AI将根据语意自动匹配画面，帮助创作者快速实现从文案到视频的制作，实现全自动文章转视频、图文转视频。

画面匹配、智能配音、智能字幕等功能，AI都能完美实现。高效产出内容的同时，支持非常灵活的细节调整，文稿、音乐、配音、粗剪、LOGO、字幕、语速等功能，一应俱全。
<h3><strong>AI</strong><strong>绘</strong><strong>画</strong></h3>
输入关键词描述你想要的绘画作品，AI将自动生成一幅作品，描述越详细，画作越细致。
<h2>产品价格</h2>
目前一帧秒创免费使用是完全没问题的，当然会员可享受更多权益，AI工具集也为大家申请到了专属福利，购买会员时输入下面的优惠码，点击使用，即可获得专属优惠

一帧秒创会员专属优惠码：<strong><b>AI工具集专属</b></strong>

</div>"
ChatBA,"ChatBA是一个AIGC工具，帮助你从文本智能生成PowerPoint幻灯片。

ChatBA是一个强大的人工智能驱动的AI生成PPT工具，用于自动生成幻灯片。该工具使用OpenA的API，根据用户提供的提示或主题快速生成幻灯片，你可以用该工具为不同的行业，如商业演讲到书籍和房地产市场等各种主题生成幻灯片。你还可以用ChatBA来为用户可能不了解的主题或时间紧迫的演示创建幻灯
片，最终的呈现结果是专业级的简约大气设计的幻灯片。"
Tome,"Tome A是一个利用人工智能来生成引人注目的演示幻灯片的网站，通过借助OpenAl的SGPT和DALL-E2的9AIGC技术，该Al PPT生成网站将文本和图像无缝结合，创造出动态的视觉故事。

通过Tome A简单直观的操作和创建过程，用户可以轻松地用任何类型的内容制作引人入胜的演示文稿。在Tome网站上注册一个账户就可以使用这一创新工具，该平台是高度可定制化的，用户能够用表格、动画、图像等功能丰富他们的演示。"
Decktopus AI,Decktopus是一个A驱动的的在线演示文稿生成器，该AI生成PPT工具易于使用、操作直观，提供自动幻灯片布局和交互式表格等功能，只需要几分钟，用户便可以创建出效果令人惊叹的演示文稿。
Gamma App,"<div class=""panel-body single my-4 "">

Gamma是一个在线网页版创建演示文稿的工具，用户可以最少的格式化和设计工作来创建和展示内容。在人工智能的支持下，Gamma允许用户仅通过输入文本和想法提示，点击按钮便可以生成设计美观和具有吸引力的幻灯片。

在Gamma的帮助下，创建演示文稿制作幻灯片变得更快、更简单，而且比使用传统软件更有效率。Gamma旨在通过视觉和互动内容将想法变为现实，从而吸引任何设备上的受众，支持嵌入各种多媒体格式，包括GIF、视频、网站和图表，使观众更容易理解复杂的想法。除此之外，用户还可以借助该<a href=""https://ai-bot.cn/ai-ppt-presentation-makers/"">AI生成PPT工具</a>的快速反馈、评论、发布和分析工具等功能实现协作和反馈。
<h2>如何使用Gamma AI创建幻灯片？</h2>
要使用Gamma AI创建演示文稿，只需以下几个简单的步骤：
<ol>
 	<li>访问Gamma App的网站，然后注册一个账号。</li>
 	<li>创建一个新项目或演示文稿。</li>
 	<li>在提供的编辑器中输入你想要的内容，AI会自动为你格式化和设计演示文稿。</li>
 	<li>从符合你审美的品牌且无需编程的可自定义模板中进行选择。</li>
 	<li>通过将图像、视频和交互式元素拖到卡片上，将这些要素添加到你的演示文稿中。</li>
 	<li>使用Gamma提供的编辑选项优化和自定义你的演示文稿。</li>
 	<li>使用内置分析来衡量观众参与度并改进你的演示以获得更好的结果。</li>
</ol>
</div>"
美图AI PPT,美图AIPPT是国内知名P图软件「美图秀秀」旗下的「美图设计室」推出的免费在线A生成PPT设计工具，用户只需输入一句话，便可以轻松打造精美PPT。无论是什么类型风格的PPT，美图A都可以帮你打造，如行业分析、工作汇报、创意设计方案、企业团建策划、部门工作总结等。
Sheet+,Excel和Google Sheets表格AI处理工具
Ajelix,处理Excel和Google Sheets表格的AI工具
酷表ChatExcel,北大团队开发的通过聊天来操作Excel表格的AI工具
WPS AI,"<div class=""panel-body single my-4 "">

金山办公4月宣布即将推出WPS AI（基于大语言模型下的生成式人工智能应用），将最先应用于其新一代在线内容写作编辑工具「轻文档」，以帮助用户处理工作、生活场景，提高内容生产力。

日前，WPS AI的官网已正式上线，个人用户或企业用户可免费申请体验。
<h2>WPS AI的特色功能</h2>
<ol>
 	<li>对于WPS文字，可以帮助用户一键获取灵感，高效生成文章。</li>
 	<li>对于WPS演示，可以一键生成和美化PPT，兼顾美观和效率</li>
 	<li>对于Excel表格，可以智能处理表格数据，生成函数公式</li>
 	<li>对于WPS PDF，可以快速提取文档信息，高效阅读PDF文件</li>
 	<li>对于表单问卷，可以通过对话或拍照创建表单，自动生成数据报告</li>
</ol>
<a class=""js"" href=""https://ai-bot.cn/wp-content/uploads/2023/07/wps-ai-features.jpg"" data-fancybox=""fancybox"" data-caption=""WPS AI写作""><img class=""alignnone size-full wp-image-746"" src=""http://ai.thinkgs.cn/wp-content/uploads/2023/08/wps-ai-features.jpg"" alt="""" width=""800"" height=""552"" /></a>

</div>"
Humata,"<div class=""panel-body single my-4 "">

Humata是由GPT驱动的一个AI文档文件分析、阅读、问答工具，该工具可以帮助用户：
<ul>
 	<li>总结长篇问答，让你学习更快，把复杂的技术论文变成简单解释的摘要。</li>
 	<li>即时问答，回答与你的文档相关的难题，立即获得易于理解的答案。</li>
 	<li>提高写论文速度，可根据您的文件自动创建新的paper，快速为报告、论文和各种任务生成详细的见解。</li>
</ul>
</div>"
字语智能,"<div class=""panel-body single my-4 "">

字语智能是国内最早一批在AIGC领域扎根的产品，一站式智能Office内容创作平台。

字语智能倡导以人机协作的方式，提高办公生产效率为目标，在多场景多模态下用AI重塑未来新办公方式！字语智能可以快速生成文章、报告、新媒体爆文、种草文等各类办公场景办公文案；同时提供海量优质模板，覆盖各领域。支持AI一键填充内容，支持文档富文本编辑，使办公更加简单高效；AI工具箱中智能摘要、智能改写、智能纠错、质量检测等，可快速高效提升文档的质量和效果。

<a class=""js"" href=""https://ai-bot.cn/wp-content/uploads/2023/05/getgetai-workspace.png"" data-fancybox=""fancybox"" data-caption=""字语智能工作台""><img class=""alignnone size-full wp-image-751"" src=""http://ai.thinkgs.cn/wp-content/uploads/2023/08/getgetai-workspace.png"" alt="""" width=""1280"" height=""615"" /></a>
<h2>字语智能的主要功能：</h2>
<strong><b>【</b></strong><strong><b>AI创作</b></strong><strong><b>】</b></strong><strong><b>：最佳答案AI问答，精准AI创作，体验智能办公</b></strong>

AI提供最佳答案，解决各类日常生产生活问题。一键生成提纲，智能填充内容，准确传达信息，增强创作者创新性思路，可以节省大量时间精力，提高写作效率。

<strong><b>【</b></strong><strong><b>灵感推荐</b></strong><strong><b>】</b></strong><strong><b>：全面智能的灵感推荐，让你不用为创作发愁</b></strong>

智能筛选各大媒体平台内容整合分析，算法推荐相关领域优质文章与素材内容，一键为您节省80%时间。

<strong><b>【</b></strong><strong><b>AI配图</b></strong><strong><b>】</b></strong><strong><b>直击主题的AI配图，让文章配图一气呵成</b></strong>

文章配图，再也不怕侵权，简单几个文字描述，自动生成想要图片，一键引入文章，节省大量时间寻找素材，高质量配图让好文事半功倍。

<strong><b>【</b></strong><strong><b>创作模板</b></strong><strong><b>】</b></strong><strong><b>多办公场景创作模板，让你的创作更加高效</b></strong>

持续更新的创作模块，覆盖各类日常办公场景，包含种草、娱乐、旅游、科技等，选定创作方向，填充关键词，一键完成文本创作，实现效率和效果的最大化。

</div>"
Craft AI Assistant,"<div class=""panel-body single my-4 "">

Craft AI Assistant 是高颜值文档和笔记工具 Craft 推出的 AI文档助手，可以激发用户创造力，快速优化和生成内容，以提高创作效率。任何用户都可以使用其创意写作、生成想法、校对作品、将文本翻译成任何语言和总结文档。
<h2>Craft AI Assistant的主要功能</h2>
<ol>
 	<li>更好更快地创作，只需几秒钟便可以生成内容，输入提示，即可生成新闻稿、文章大纲、电子邮件、产品描述等</li>
 	<li>总结提炼文档要点，快速生成长篇文档的简短摘要、从笔记中提炼要点、或用简单的语言重写复杂的报告</li>
 	<li>修改、重写和翻译文档，一键修复文章拼写和语法、以任何风格重写内容或翻译成任何目标语言</li>
 	<li>即时解答，询问AI助手，Craft 便会立即查找相关信息，为你做出解答</li>
</ol>
<a class=""js"" href=""https://ai-bot.cn/wp-content/uploads/2023/07/craft-ai-assistant-document.png"" data-fancybox=""fancybox"" data-caption=""使用Craft AI Assistant""><img class=""alignnone size-full wp-image-754"" src=""http://ai.thinkgs.cn/wp-content/uploads/2023/08/craft-ai-assistant-document.png"" alt="""" width=""800"" height=""450"" /></a>
<h2>如何使用Craft AI Assistant</h2>
<ol>
 	<li>访问Craft的官网，点击右上角的 Try Craft Free 按钮进行免费注册</li>
 	<li>登录成功后会自动跳转到Craft的文档空间中，点击New Document创建一个新的文档或者选择一个你感兴趣的模板开始</li>
 	<li>在编辑区域输入斜杠/，便可唤起Craft AI Assistant，然后输入提示或者选择预置的指令即可</li>
</ol>
<h2>Craft AI Assistant的产品价格</h2>
Craft AI Assistant 可供所有用户免费使用，不同的订阅计划有以下限制：
<ul>
 	<li>入门免费版：每 30 天 50 次请求</li>
 	<li>个人专业版：每 30 天 250 次请求</li>
 	<li>商业计划版：每 30 天 1000 次请求</li>
</ul>
</div>"
司马阅AI文档,"<div class=""panel-body single my-4 "">

司马阅(SmartRead)，是一款AI文档阅读分析工具，基于AI人工智能技术、智能文档技术，快速从复杂文档提取信息。 通过聊天互动形式，精准、灵活地获取关键信息及灵感，极大节省文档阅读和信息检索时间，高效应用于工作、学习场景，如读行业市场报告、产品手册、法律文档、论文文献、电子书等。
<h2>应用场景：</h2>
<ol>
 	<li>帮律师/商务人士分析合同的风险保护倾向</li>
 	<li>帮市场/研究人员总结行业报告的发展趋势</li>
 	<li>帮HR/团队管理者判断专业简历的技能水平</li>
 	<li>帮营销/产品人员提炼产品手册的关键卖点</li>
 	<li>帮学生/教师群体概括研究论文的核心要点</li>
</ol>
<h2>产品特点：</h2>
<ol>
 	<li>支持复杂图表文档分析总结，可分析文档中的图表。</li>
 	<li>支持万字超长文本分析，如粘贴公号文章、工作汇报等提炼总结。</li>
 	<li>支持100多种语言。跨语言提问、对话，例如用中文与英文报告对话。</li>
 	<li>支持多文档、跨文档分析，智能提炼不同文档之间的关联性和共同点。</li>
</ol>
</div>"
Whimsical,Whimsical推出的AI思维导图工具
ChatMind,ChatMind是国内的开发者团队推出的A1思维导图工具，可以应用于笔记、日程安排、项目管理、头脑风暴、框架等多种场景。该工具不仅可以帮助用户快速总结和分析，还可以持续提供创意灵感。
GitMind思乎,"<div class=""panel-body single my-4 "">

作为一个思维导图的工具，GitMind最想要的不是简单的给大家介绍ChatGPT到底有什么用，而是能够直接的让大家无障碍的体验到AI的魅力。

当GitMind应用与AI深度融合后，能发光发热的场景就多啦！和思乎AI机器人对话，促进创造性和创新性思维，让你的思想流淌起来。GitMind的网页端、手机端和iPad端均可体验
<h2>GitMind思乎AI可以做什么？</h2>
<ol>
 	<li>轻松制作读书笔记：思维导图最常用的场景就是制作读书笔记了，思乎AI高效提升制作读书笔记的方法！确定你想要制作读书笔记的内容，接着只需要向它提问：“请以大纲形式生成XX书籍的思维导图”</li>
 	<li>提升信息检索效率：演讲报告、工作总结，问题分析只要你想到了你的主题内容，直接提问思乎AI机器人，它就会进行思考然后给你答案。</li>
 	<li>头脑风暴，激发灵感：每次头脑风暴的时候，没有灵感没有思路的情形在每个会议室不停复现，AI+GitMind就可以解决这个问题了！确定头脑风暴的主题后，先交给AI，让它给出几个解决方案参考，再通过协作模式，大家共创脑图，相互补充，激发灵感，激发创意，思维流淌。</li>
 	<li>分析问题，拓宽思路：遇到问题觉得自己想的答案不全面？思乎AI可以回答各种问题，提供信息和建议，从而能够帮助你获得不同的观点和见解，考虑更多的可能性。</li>
 	<li>智能算法，协助选择：当你做旅行攻略的时候，不知道去哪问，可以咨询它一下；当你列购买清单，多个产品不知如何选择，也可以问问思乎AI的建议，礼物推荐。AI能够轻松帮你提炼关键点，做出智能决策。</li>
 	<li>辅助分析，省时省力：思乎AI可以用于各种文本分析任务，为你提供有关问题的深入理解和见解，例如：“针对办公SaaS软件做一个商业分析”、“帮我做一份思维导图软件的SWOT分析”</li>
</ol>
&nbsp;

</div>"
印象图记,"<div class=""panel-body single my-4 "">
<div class=""_3ygOc lg-fl "">

作为深受印象笔记用户喜爱的产品之一，「印象图记」在「印象AI」能力的加持下，现已具备了自动生成思维导图的能力，帮助用户理清思路、拓展思维。用户每天可免费使用 20 次 印象AI 体验生成思维导图和大纲笔记。

</div>
<div class=""_3ygOc lg-fl "">

在「印象图记」桌面端中，点击左侧「印象AI」的图标即可唤醒AI助手，在对话框中输入想发散的内容主题，点击应用至导图，即可将内容以思维导图形式呈现。此外，选择某一节点,点击工具栏的「印象AI」图标，用户还可以对节点的内容进行智能扩写，令思绪无限延伸。

<a class=""js"" href=""https://ai-bot.cn/wp-content/uploads/2023/05/ai-evermind-2.png"" data-fancybox=""fancybox"" data-caption=""印象图记AI""><img class=""alignnone size-full wp-image-773"" src=""http://ai.thinkgs.cn/wp-content/uploads/2023/08/ai-evermind-2.png"" alt="""" width=""800"" height=""446"" /></a>

</div>
</div>"
Zapier AI,"Zapier是国外最为知名和流行的自动化集成平台，该平台提供各种基于网络应用的流程自动化集成服务，用户或者开发人员无需阅读复杂的API文档和对接API，便可以将不同的在线应用相互集成，在满足设定的条件下触发某个特定的任务。比如你可以将Slack和Salesforce集成、Gmail与Google Sheets、Mailchimp集成等。

而在Zapier A的帮助下，构建自动化任务将更加简单，用户只需描述想要自动化的内容，其Al工具便会自动创建步骤、编写代码并构建Zaps应用。比如你想要当Googe Sheets表格里面添加了一行数据时在Slack协作办公沟通平台上发一条消息，那么你只需输入「1 want to create an automation that sends a Slackmessage when a new row is added in Google Sheets」,Zapier Al便能帮助你将这两个应用和任务自动化集成。

通过Zapier，将AlI引入你日常使用的应用程序，例如Slack、Notion、HubSpot和Webflow。借助Zapier的30多个Al应用程序合作伙伴，你可以将其与5,000多个应用程序的生态系统联系起来，为你的业务关键流程提供支持。"
ColorMagic,AI调色板生成工具
Huemint,AI调色生成工具
Color Wheel,AI灰度logo或插画上色工具
Eva Design System,基于深度学习的色彩生成工具
Illustroke,AI SVG矢量插画生成工具
图宇宙,"<div class=""panel-body single my-4 "">

图宇宙是一款国产的智能设计工具化平台，由「Nolibox 计算美学」推出。通过自主研发的智能设计引擎，图宇宙深度整合行业经验，满足用户的设计需求和审美喜好。使用图宇宙，用户可以得到高品质、大规模、定制化、快响应、低成本的各类应用视觉设计。
<h2>图宇宙的主要功能</h2>
<a class=""js"" href=""https://ai-bot.cn/wp-content/uploads/2023/05/tuyuzhou-features.png"" data-fancybox=""fancybox"" data-caption=""图宇宙的官网展示""><img class=""alignnone size-full wp-image-802"" src=""http://ai.thinkgs.cn/wp-content/uploads/2023/08/tuyuzhou-features.png"" alt="""" width=""800"" height=""450"" /></a>
<ol>
 	<li>智能生成，极致体验。基于「场景需求」和「用户喜好」的智能设计引擎，图宇宙产出高品质的商品图、logo设计、智能海报设计等，提供极致的设计体验。</li>
 	<li>海量素材，正版授权。图宇宙与全球多个头部设计素材供应商达成战略合作，海量正版素材为每一位用户的营销推广保驾护航。</li>
 	<li>热点文案，妙笔生花。通过大数据分析和<a href=""https://ai-bot.cn/what-is-nlp-natural-language-processing/"">NLP技术</a>，挖掘市场和社会热点，为你推荐优质营销语料创意。你的文案锦囊，创意快人一步。</li>
 	<li>智能推荐，懂你所需。图宇宙的智能推荐系统，整合专业的设计知识，构建完善的需求理解模型，辅助您快速完成个性化设计，打造“更高情商”的推荐体验。</li>
</ol>
</div>"
Luma AI,"<div class=""panel-body single my-4 "">

Luma AI是一个基于人工智能的三维捕捉、建模和渲染工具，旨在帮助用户创建逼真的、高质量的3D物体，你可以直接使用你的iPhone手机用AI创造令人难以置信的逼真的3D。

无论你在何处，都可以使用Luma AI轻松地捕捉产品、物体、风景和场景。从你的捕捉中创造出电影般的产品视频，为TikTok创造不可能的相机动作，或者只是重温那一刻。不需要激光雷达或花哨的捕捉设备，你所需要的只是一部iPhone 11或更新版本。

Luma AI的功能特色：
<ul>
 	<li>捕捉具有复杂细节、反射和照明的3D场景，并与其他人分享。</li>
 	<li>以3D方式捕捉产品，并在你的网站上展示它们在现实生活中的样子。</li>
 	<li>高质量地捕捉3D游戏素材，并将它们导入Blender、Unity或你选择的3D引擎中。</li>
</ul>
</div>"
Spline AI,Spline是一款基于浏览器的免费在线3D编辑器，该网站基于Stable Difusion v2的Al生成技术，推出了Spline Al，该Al 3D设计工具允许用户输入文本自动创建和生成3D物体、动画、材质等，以加速3D设计人员的设计速度。
Designs.ai,AI设计工具
Dora AI,"<div class=""panel-body single my-4 "">

Dora AI 是低代码网站设计平台「Dora」最新推出的AI网站设计工具，用户只需输入一句提示文本，便可以生成可编辑的并且带有精美3D动画的网站。Dora AI 目前处于Alpha测试中，感兴趣的用户可以在官网点击Join Waitlist进入等待列表体验。
<h2>Dora AI 的特色功能</h2>
<ol>
 	<li>从文本描述生成网站：设计人员只需输入一行描述文字便能快速生成令人惊叹、完全可编辑的网站。</li>
 	<li>将静态设计转化为三维：通过Dora强大的三维互动生成器，可以将静态设计提升到全新的层面。</li>
 	<li>先进的人工智能动画： 将你的动画过程自动化，无需耗费数小时的手工创作过程。</li>
</ol>
</div>"
Vectorizer.AI,"<div class=""panel-body single my-4 "">

Vectorizer.AI是一个人工智能驱动的图片转换工具，可以帮助用户将JPG/PNG位图快速转换成SVG格式的矢量图，方便设计人员对图片进行二次编辑和上色。
<h2>Vectorizer.AI的产品功能</h2>
<ul>
 	<li>深度矢量引擎：基于深度学习网络、经典算法和专有数据集，从头开始训练了支撑该项服务的人工智能网络。</li>
 	<li>全形状拟合：超越简单的贝塞尔曲线，Vectorizer.AI尽可能拟合复杂的整个几何形状，以获得完美的贴合和无与伦比的一致性。</li>
 	<li>曲线支持：除了整个几何形状之外，还可以从直线、圆弧、椭圆弧以及二次和三次贝塞尔曲线构建矢量形状。</li>
 	<li>高性能：利用最先进的 GPU 进行深度学习，并在多核 CPU 上运行精心调整的大规模并行经典算法，快速转换矢量图</li>
 	<li>全彩和透明度：支持全 32-bit 颜色，包括 Alpha 通道，完全支持部分透明区域和抗锯齿。</li>
 	<li>导出选择：支持 SVG、PDF、EPS、DXF 和 PNG 作为输出格式。</li>
</ul>
<h2>如何使用Vectorizer.AI</h2>
<ol>
 	<li>访问Vectorizer.AI的官网，上传或拖放要转换的位图</li>
 	<li>等待自动处理结果，点击左上方的Download下载按钮</li>
 	<li>选择导出时的参数和设置，然后点击下载图像即可</li>
</ol>
</div>"
LogoliveryAI,"<div class=""panel-body single my-4 "">

LogoliveryAI是一个<a href=""https://ai-bot.cn/best-ai-logo-makers/"">免费的AI Logo生成工具</a>，类似于Midjourney，也是在Discord中输入指令使用。不同于其他的Logo生成器免费版只提供PNG/JPEG格式，LogoliveryAI为用户提供了SVG矢量图片格式，可任意缩放和后续精细调整。AI工具集实测其生成的效果用于直接使用还有一定的距离，不过用来作为logo灵感或者娱乐项目还是可以的。
<h2>LogoliveryAI的产品特色</h2>
<ol>
 	<li>生成专业的可缩放的SVG格式的logo，无需再担心logo图片有像素化和模糊的边缘。</li>
 	<li>可用于商业用途。由LogoliveryAI创建的logo所有权属于创作者，可自由用于商业目的。</li>
 	<li>人工团队升级和改进Logo。如果用户对生成的logo概念不满意的话，Logolivery的设计团队还提供了付费的Logo Upgrade专业服务。</li>
</ol>
<h2>如何使用LogoliveryAI生成Logo</h2>
<ol>
 	<li>通过链接加入 Discord 服务器：<a class=""external"" href=""https://discord.gg/GWxedHT3d2"" target=""_blank"" rel=""noopener"">https://discord.gg/GWxedHT3d2</a></li>
 	<li>转到其中一个 ai-room (⁠ai-room-1、⁠ai-room-2、⁠ai-room-3) 频道</li>
 	<li>输入/generate并描述您想要的logo</li>
 	<li>该机器人将在60 秒内生成 SVG 格式的logo。15分钟内，所有logo下载链接都可使用</li>
</ol>
<a class=""js"" href=""https://ai-bot.cn/wp-content/uploads/2023/06/logoliveryai-demo.png"" data-fancybox=""fancybox"" data-caption=""LogoliveryAI Discord""><img class=""alignnone size-full wp-image-829"" src=""http://ai.thinkgs.cn/wp-content/uploads/2023/08/logoliveryai-demo.png"" alt="""" width=""800"" height=""403"" /></a>
<h2>LogoliveryAI是免费的吗</h2>
LogoliveryAI目前为用户提供了10次的免费生成次数，每次会生成4个不同的设计logo，也就意味着你可以免费生成40个logo。

</div>"
Motiff,"<div class=""panel-body single my-4 "">

Motiff 是国内在线教育企业「猿辅导」旗下的「看云软件」推出的AI 驱动的用户界面设计工具。设计人员可与 AI 共同协作，开启全新的设计方式和体验，让设计团队工作更高效。
<h2>Motiff 的产品功能</h2>
<ul>
 	<li>AI 设计系统，AI 扫描并识别设计稿中的组件和样式，将组件和样式分类整理，并提供查看来源功能以便回溯使用场景，助力设计团队省时提效，更好地实践设计系统。</li>
 	<li>AI 魔法框，设计师通过魔法框来表达意图，AI 可以快速找到合适的组件，也可以给文本替换合适的样式，并将它们摆放在正确的位置。</li>
 	<li>AI 布局，设计师无需进行繁琐的布局设置，即可轻松进行修改边距间距、移入移出子图层等结构化调整，也可以一键回归自由设计。</li>
</ul>
<a class=""js"" href=""https://ai-bot.cn/wp-content/uploads/2023/08/motiff-homepage.png"" data-fancybox=""fancybox"" data-caption=""Motiff的网站首页""><img class=""alignnone size-full wp-image-832"" src=""http://ai.thinkgs.cn/wp-content/uploads/2023/08/motiff-homepage.png"" alt="""" width=""800"" height=""450"" /></a>

</div>"
MasterGo AI,"MasterGo Al是知名国产产品设计工具「MasterGo」推出的智能U设计助手，该工具允许用户输入文本描述后基于设计系统生成美观的界面设计图。从其宣传视频中可以看出，用户只需输入主题描述想要的界面，然后基于设计系统选择合适的组件，便可以快速搭建你想要的页面。

目前MasterGo Al处于免费内测申请中，感兴趣的设计人员可以访问官网申请，提交相应的问卷信息等待通过。"
Framer AI,"<div class=""panel-body single my-4 "">

Framer原是一个多合一的网页和移动端原型设计工具，后转型为无代码的网站设计和发布平台，可以帮助用户快速上线高颜值的网站页面。Framer最新推出AI功能，用户只需输入文本描述（支持中文），便可以自动设计、排版、生成和上线网站，目前是免费无限次生成。AI工具集这边测试来看，Framer AI是目前一众AI自动生成网站中效果最好的一批。
<h2>Framer AI的主要功能</h2>
<ol>
 	<li>输入你的网站想法，只需几秒钟，Framer AI便能生成精美的网页，提供的描述细节越多，输出的效果越好。生成的页面每个部分都有布局、文案和样式的独特组合，用户可以随意根据喜好调整。</li>
 	<li>自定义不同主题和风格的组合，用户可以混合和匹配显示字体、文本字体和调色板，为网站构建自定义主题或选择Framer内置的搭配。</li>
 	<li>提供内置AI网页文案撰写功能，只需鼠标点击一下，Framer AI便可以改进你的网站页面的文案，让其更加具有吸引力</li>
</ol>
<a class=""js"" href=""https://ai-bot.cn/wp-content/uploads/2023/06/framer-ai-demo.png"" data-fancybox=""fancybox"" data-caption=""Framer AI生成网站""><img class=""alignnone size-full wp-image-837"" src=""http://ai.thinkgs.cn/wp-content/uploads/2023/08/framer-ai-demo.png"" alt="""" width=""1200"" height=""606"" /></a>
<h2>如何使用Framer AI</h2>
<ol>
 	<li>点击上方的访问官网按钮，跳转到Framer AI的官网</li>
 	<li>在输入框中键入你想要的网页描述，然后点击Start with AI按钮</li>
 	<li>如果你没有登录的话，Framer会要求你登录/注册</li>
 	<li>登录成功后，Framer会跳转到网站编辑器页面开始自动生成网页设计</li>
 	<li>Framer AI会生成3个不同端的响应式页面设计（包括Desktop、Tablet、Mobile），你可以点击对应的元素进行修改调整</li>
 	<li>微调完毕后，点击右上角的Publish按钮，网页就可以上线发布了！</li>
</ol>
</div>"
墨刀AI,"<div class=""panel-body single my-4 "">

墨刀AI是国内知名产品设计协作平台「墨刀」最新推出的AI产品原型设计助手，帮助产品设计人高效实现和落地创意，激发无限创造力。墨刀AI功能的推出，极大地提高了产品设计的效率，基础性的工具或者是灵感想法，都可以交给AI，让产品设计人员可以更加聚焦业务逻辑和用户体验方面。
<h2>墨刀AI的主要功能</h2>
<ol>
 	<li>AI生成原型页面。无惧灵感枯竭，告别手动绘制，只需一个指令，墨刀AI便可以为你“智造”多种原型设计方案；</li>
 	<li>AI生成原型基础组件。10s快速生成图表、表格等组件。流程图、思维导图轻松搞定。思路清晰呈现，专业超出想象；</li>
 	<li>AI助手连续对话。墨刀AI能够快速理解需求，精准、清晰地答疑解惑。方案润色优化、页面布局建议，是你释放创作活力的最佳助手，让你的原型设计更快、更好；</li>
 	<li>AI文字智能填充。手动输入太累？AI创作一键生成，根据语义自动填充文字，把时间还给自己，让创意不再受限；</li>
</ol>
<h2>如何使用墨刀AI</h2>
墨刀AI目前已在V8中上线，使用也非常简单。
<ol>
 	<li>进入墨刀官网后，点击右上角的<strong>登录/注册</strong>按钮</li>
 	<li>在个人空间的工作台右上角，点击蓝色的<strong>新建</strong>按钮，然后选择<strong>原型</strong></li>
 	<li>在弹出的窗口中选择你想要设计的原型模板，然后点击<strong>确定</strong>按钮</li>
 	<li>在最左侧的工具栏的最后一项，点击<strong>AI</strong>图标，便能唤起墨刀AI助手</li>
 	<li>选择你想要的功能（墨刀内置了生成原型页面、流程图、思维导图、表格、图表等生成的按钮），你也可以输入文本与AI对话</li>
</ol>
<a class=""js"" href=""https://ai-bot.cn/wp-content/uploads/2023/05/modao-ai-guide.png"" data-fancybox=""fancybox"" data-caption=""墨刀AI使用步骤""><img class=""alignnone size-full wp-image-843"" src=""http://ai.thinkgs.cn/wp-content/uploads/2023/08/modao-ai-guide.png"" alt="""" width=""806"" height=""509"" /></a>
<h2>墨刀AI的产品价格</h2>
个人用户登录/注册墨刀后，可以获得免费的2000点数用于使用墨刀AI助手，不同功能消耗的点数不一样。
<ul>
 	<li>AI助手：约100点/千字, 以实际消耗点数为准</li>
 	<li>生成原型页面：约400点/页面, 以实际消耗点数为准</li>
 	<li>生成原型组件：约100~200点/组件, 以实际消耗点数为准</li>
</ul>
若点数消耗完毕，你可以选择付费充值点数，价格如下：
<ul>
 	<li>9.9元10,000点数</li>
 	<li>39元50,000点数</li>
 	<li>69元100,000点数</li>
 	<li>99元150,000点数</li>
</ul>
</div>"
Looka,Looka是一款在线的A Logo生成工具，利用人工智能和机器学习算法帮助企业和个人创建定制化的Logo。该A生成器操作简单直观，任何人都可以轻松创建出专业精美的Logo，而不需要任何设计经验。使用Looka，用户可以从各种设计模板中选择，自定义Logo的颜色、字体和图标，并获取可用于各种用途的高分辨率图形。Looka的Al算法会分析用户输入和偏好，智能生成符合品牌个性和风格的独特的和定制化的Logo。
美图设计室,美图设计室最新推出Al海报生成工具，用户只需输入一句话，A便能生成各种风格的海报，包括日常问候、节日祝福、电商主图、生日祝福、邀请函等各种模板品类。除开AlI海报外，美图设计室还可以Al生成Logo、Al生成PPT、Al生成绘画、图片抠图等。
Magic Design,"<div class=""panel-body single my-4 "">

Magic Design (Beta) 是热门的在线设计工具Canva推出的一个免费的人工智能设计工具，它可以让你从其海量的精美模板中智能将你的设计理念可视化。只需上传你自己的媒体文件或从一个空白的区域开始，输入你的设计想法，Magic Design便会魔法般的定制好你的设计并呈现在你面前。

Magic Design是一个由人工智能驱动的设计生成工具，将文本和图像变成个性化的精美设计。你可以输入任何媒体，并将其转化为符合你所需内容和背景的定制模板。通过从8个自动生成的模板中选择，你可以进一步编辑和调整尺寸，毫不费力地将你的想法可视化和细化。

Magic Design建立在Canva数以百万计的模板、图像、字体和其他图形元素的基础上，并使用人工智能来制作设计，帮助你的想法变成现实。

<a class=""js"" href=""https://ai-bot.cn/wp-content/uploads/2023/03/canva-magic-design-features.jpeg"" data-fancybox=""fancybox"" data-caption=""Canva Magic Design""><img class=""alignnone size-full wp-image-860"" src=""http://ai.thinkgs.cn/wp-content/uploads/2023/08/canva-magic-design-features.jpeg"" alt="""" width=""800"" height=""450"" /></a>

</div>"
Microsoft Designer,"<div class=""panel-body single my-4 "">

作为Microsoft 365的一部分，Microsoft Designer是一个用于创建任意类型的图像设计的工具，从标志和邀请函到博客横幅和社交媒体帖子。你以前可能在Canva、Fotor、Figma或者其他图形设计的软件设计过类似元素，但Microsoft Designer更加的智能。

<a class=""js"" href=""https://ai-bot.cn/wp-content/uploads/2023/03/microsoft-designer-image.png"" data-fancybox=""fancybox"" data-caption=""Microsoft Designer""><img class=""alignnone size-full wp-image-863"" src=""http://ai.thinkgs.cn/wp-content/uploads/2023/08/microsoft-designer-image.png"" alt="""" width=""1200"" height=""630"" /></a>

Microsoft Designer与其他设计工具的不同之处在于，它使用了OpenAI的<a href=""https://ai-bot.cn/sites/50.html"">DALL·E 2</a>技术。这是一种人工智能，允许你通过输入你想要的文本描述来创建图像和艺术品。该功能将帮助你为你的项目找到独特的图形，而且由于先进的技术，创建的图像非常逼真。

你也可以使用你自己的图像和内置的设计工具来完全定制你的视觉效果。通过模板、形状、照片、图标、文本样式和颜色主题，你可以探索不同的外观，获得适合你的项目的精确设计。
<h2>如何获得Microsoft Designer的资格</h2>
自2022年12月上线以来，Microsoft Designer需要通过一个等待名单才能获取使用的资格。你可以将你的电子邮件地址添加到列表中，一旦你被授予访问权，将收到登录的说明邮件。

目前的预览版并不包含所有计划中的功能，但微软从那些有预览权限的人那里寻求反馈，以便在它普遍可用之前改进该工具。Microsoft Designer届时将作为微软365个人和家庭用户的免费应用，可选择高级付费功能。微软还计划将Designer与Microsoft Edge整合。希望为Edge用户在设计社交媒体帖子和他们在浏览器中访问的网站的其他项目时提供帮助。
<h2>如何使用Microsoft Designer</h2>
当你登录到Microsoft Designer时，你会看到Designer Copilot。这个工具可以帮助你使用人工智能生成的图像、你自己的图像或空白画布来创建你的第一个视觉。

<a class=""js"" href=""https://ai-bot.cn/wp-content/uploads/2023/03/how-to-use-microsoft-designer.png"" data-fancybox=""fancybox"" data-caption=""使用Microsoft Designer""><img class=""alignnone size-full wp-image-864"" src=""http://ai.thinkgs.cn/wp-content/uploads/2023/08/how-to-use-microsoft-designer.png"" alt="""" width=""800"" height=""418"" /></a>

只需在输入框中输入你想要创建的视觉元素，比如An Instagram post about my cosmetic product launch on April 1st。然后点击Generate，Microsoft Designer便会自动排版设计。你也可以点击AI Generate image生成你想要的元素。

</div>"
稿定AI,一站式AI创意工具集合，AI绘图、场景生成，商品合成
Fig,下一代命令行工具（内置AI终端命令自动补全）
Warp,21世纪的终端工具（内置AI命令搜索）
Debuild,Debuild的是一个A技术驱动的低代码Web App开发平台，其目标是建立一个达到世界上最熟练工程师创建软件的水平的自主开发系统。无需专业知识，让每个人都能立即创建他们需要的任何软件工具，都能对计算机进行编程。
Fronty,"<div class=""panel-body single my-4 "">

Fronty是世界上第一个由 AI 驱动的网页设计到源代码转换服务，智能将你的网页原型设计稿转换为HTML和CSS代码。该公司的愿望是创建一系列提供干净和可访问的代码、速度优化、W3C有效、可访问、SEO 友好、移动友好的网页设计工具。

<a class=""js"" href=""https://ai-bot.cn/wp-content/uploads/2023/03/fronty-screenshot.png"" data-fancybox=""fancybox"" data-caption=""Fronty将图片转换为HTML和CSS代码""><img class=""alignnone size-full wp-image-888"" src=""http://ai.thinkgs.cn/wp-content/uploads/2023/08/fronty-screenshot.png"" alt="""" width=""800"" height=""418"" /></a>

Fronty基于人工智能技术，可以从图像、屏幕截图、设计或模型中生成干净的 HTML/CSS 代码。该AI图像到代码转换器具有以下优点：
<ul>
 	<li dir=""ltr"" aria-level=""1"">
<p dir=""ltr"" role=""presentation"">干净的代码。无需手动编码，所有代码基于业界知名的前端框架，经过适当定制。</p>
</li>
 	<li dir=""ltr"" aria-level=""1"">
<p dir=""ltr"" role=""presentation"">页面速度优化。所有最终代码都被缩小，图像已优化、呈现关键 CSS 和 CRP。</p>
</li>
 	<li dir=""ltr"" aria-level=""1"">
<p dir=""ltr"" role=""presentation"">SEO友好。搜索引擎优化最佳实践遵循前谷歌搜索引擎优化专家的指导。</p>
</li>
 	<li dir=""ltr"" aria-level=""1"">
<p dir=""ltr"" role=""presentation"">注释良好的代码。在不清楚的情况下维护别人的代码总是很糟糕的体验。Fronty生成的代码易于维护，有着良好的注释和说明。</p>
</li>
 	<li dir=""ltr"" aria-level=""1"">
<p dir=""ltr"" role=""presentation"">语义化HTML。提供的代码遵循编写语义标记的最佳实践，还有自动生成的结构化数据支持。</p>
</li>
 	<li dir=""ltr"" aria-level=""1"">
<p dir=""ltr"" role=""presentation"">可访问。ARIA标识的使用另该工具生成的网站易于访问。</p>
</li>
 	<li dir=""ltr"" aria-level=""1"">
<p dir=""ltr"" role=""presentation"">SCSS 而不是 CSS。源代码基于强大的 SCSS，你可以使用变量、嵌套和许多其他 CSS 缺少的强大功能。</p>
</li>
 	<li dir=""ltr"" aria-level=""1"">
<p dir=""ltr"" role=""presentation"">自定义 Bootstrap 主题。提供的代码基于世界上最流行的 UI 框架 Bootstrap。此外，Fronty还提供了一个强大的库。</p>
</li>
 	<li dir=""ltr"" aria-level=""1"">
<p dir=""ltr"" role=""presentation"">移动平板电脑友好。Fronty生成的代码保证移动优先。</p>
</li>
</ul>
除此之外，Fronty还可以重做现有网站的前端并提供新的/更好的代码，并准确分析清理了多少代码以及优化了多少页面加载速度。用户还可以直接在 Fronty.com 上托管网站，这意味着用户只需要网站的设计，解析好域名后便可以直接使用 Fronty 创建和托管网站。

</div>"
Deco,"Deco是京东推出的智能将设计稿—键生成多端代码(支持生成Taro、React、Vue、HTML等)的工具，Deco是Design和Code的两个词的合并，代表Design To Code，即从设计稿生成代码。

Deco利用人工智能，结合各类自动化、工程化等手段，将Sketch、PS、图片类的设计稿转换生成还原度高、可维护强的代码，致力于突破业务生产力瓶颈，为前端大规模、高效率生产提供赋能。"
aiXcoder,"<div class=""panel-body single my-4 "">

aiXcoder致力于将人工智能技术应用于软件开发领域，帮助开发者快速、高效地完成软件开发任务。aiXcoder智能编程工具，能够在开发者编写代码时，自动推荐后续的代码片段，以提高编码效率和代码质量。

aiXcoder代码生成与补全提供以下服务：
<ul>
 	<li>Token级代码生成与补全：基于本地服务，支持自动推荐单个或多个Token的代码</li>
 	<li>行级代码生成与补全：基于云端服务，支持自动生成或补全整行代码</li>
 	<li>方法级代码生成与补全：基于云端服务，支持根据自然语言功能描述以及上下文，生成或补全方法级代码</li>
</ul>
当前aiXcoder支持Java、Python、C#、C/C++、Go、JavaScript等语言，并支持IntelliJ IDE、PyCharm、Eclipse、VS Code等多种IDE。

</div>"
JamGPT,"<div class=""panel-body single my-4 "">

JamGPT是Bug报告工具Jam最新推出的AI Debug助手，JamGPT可帮助开发人员分析所有的Bug报告细节，在你开始阅读之前就找到相关原因和解决方案。
<h2>JamGPT的特色功能：</h2>
<ul>
 	<li>AI驱动的Bug诊断：根据你现有的Bug报告，获得自动的源代码分析，以简化调试。</li>
 	<li>代码修复建议：根据您的基础设施获得代码更新，粘贴代码片段以获得分析和建议。</li>
 	<li>自适应的精确人工智能：我们的查询和学习算法随着时间的推移而改进，以获得更好的修复建议。</li>
 	<li>安全的代码审查：在整个调试过程中，确保代码库的隐私和安全。</li>
 	<li>集成的Jam报告：与Jam Chrome扩展一起工作使用，以提高您的错误报告工作流程。</li>
 	<li>跨团队协作：从人工智能中获得好的建议，并让你的团队在对话中检查。</li>
</ul>
</div>"
天工智码Skycode,"天工智码Slycode是基于昆仑万维与奇点智源研发昆仑天工模型的一款AI代码生成工具，支持各种主流编程语言，助力开发人员更快更好的编码。

天工智码Skycode可以直接集成到编辑器中，无缝衔接在开发环境，在键入代码的同时，智能高效补全代码，提升工作效率，节省开发时间。天工智码目前已经集成在了VisualStudio Code中，未来会支持更多平台和工具，如Neovim、JetBrains IDE、Visual Studio等。致力于为开发者解决琐碎的、重复性的代码工作，从而专注于更高价值的研发工作。"
CodeGeex,"<div class=""panel-body single my-4 "">

CodeGeex是国内公司智谱AI开发的对标GitHub Copilot的AI编程工具，该工具基于130亿参数的预训练大模型，可以快速生成代码，帮助开发者提升开发效率。CodeGeex主要有以下功能：
<ul>
 	<li><strong>代码生成与补全。</strong>CodeGeeX可以根据自然语言注释描述的功能自动生成代码，也可以根据已有的代码自动生成后续代码，补全当前行或生成后续若干行，帮助你提高编程效率。</li>
 	<li><strong>代码翻译。</strong>基于AI大模型对代码进行语义级翻译，支持多种编程语言互译（Python、Go、Java、JavaScript、C++、C#、PHP、TypeScript等），准确率高。</li>
 	<li><strong>支持主流IDE。</strong>你可以下载CodeGeeX的Visual Studio Code 插件和Jetbrains IDEs插件（IntelliJ IDEA, PyCharm等），让你在熟悉的开发环境中快速开发。</li>
</ul>
</div>"
AskCodi,"<div class=""panel-body single my-4 "">

AskCodi是一个基于AI的代码生成助手，该工具理论上可以帮助你完成任何编码工作。从生成代码到解释代码背后的逻辑，从开发WordPress网站到创建一个应用程序，甚至重构你现有的代码，Codi将是你整个编码之旅的伴侣。

AskCodi是基于开发者的需求而制作的，以避免多余的任务，从而减少花在开发上的时间和更多的时间来执行程序。AskCodi通过工具帮助加快开发过程，在这些工具中，你可以要求Codi AI回答编码问题、解释代码、记录或测试代码。以及像统计分析、数据科学和许多其他的特定应用，对在网上努力寻找答案的开发者来说是大有帮助的。

<a class=""js"" href=""https://ai-bot.cn/wp-content/uploads/2023/03/askcodi-screenshot.jpeg"" data-fancybox=""fancybox"" data-caption=""AskCodi应用""><img class=""alignnone size-full wp-image-916"" src=""http://ai.thinkgs.cn/wp-content/uploads/2023/08/askcodi-screenshot.jpeg"" alt="""" width=""1000"" height=""592"" /></a>

</div>"
Comate,"<div class=""panel-body single my-4 "">

Comate是百度推出的AI编程工具，基于文心大模型，结合百度积累多年的编程现场大数据和外部优秀开源数据，为开发人员生成更符合实际研发场景的优质代码，现已向企业开放试用申请。
<h2>Comate的产品功能</h2>
<strong>一、AI自动生成代码：</strong>
<ol>
 	<li>代码解释：可给出整个方法、函数的功能和完整逻辑说明，也支持选中任意代码给出解释</li>
 	<li>技术问答：在对话框中输入研发中遇到的问题，第一时间获得AI助手解答</li>
 	<li>实时续写：通过分析上下文逻辑关系，智能生成方法、函数、判断、循环体等完整的代码块</li>
 	<li>注释生成代码：直接在注释中用自然语言描述所需功能，自动生成完整函数</li>
 	<li>生成函数注释与行间注释：分析一个方法、函数、类，生成符合规范的文档注释，同时也可以识别函数中复杂逻辑逐行增加注释</li>
 	<li>生成单元测试：支持对任意方法、函数一键生成单元测试，也支持对多文件进行批量生成</li>
</ol>
<strong>二、AI进行代码优化和修复：</strong>
<ol>
 	<li>代码优化：支持对长函数等坏味道代码进行优化</li>
 	<li>代码修复：识别代码中的潜在错误，并自动进行修复</li>
</ol>
<strong>三、支持多门语言和多个IDE：</strong>
<ol>
 	<li>支持30多种主流语言，包括C/C++、Java、Python、Go、JavaScript、TypeScript等语言</li>
 	<li>支持常用 IDE，VS Code、IntelliJ IDEA、GoLand、PyCharm、WebStorm、CLion、PhpStorm、Android Studio、Xcode、iCoding等IDE插件，一键安装，即装即用</li>
</ol>
</div>"
iFlyCode,"<div class=""panel-body single my-4 "">

iFlyCode 是科大讯飞最新推出的智能编程助手，基于<a href=""https://ai-bot.cn/sites/1909.html"">讯飞星火认知大模型</a>，可以帮助开发人员编程更轻松，创意更自由。该AI编程工具拥有代码生成、代码补齐、代码纠错、代码解释、生成单元测试等功能。
<h2>iFlyCode的产品功能</h2>
<ol>
 	<li>代码生成：智能触发，一键出“码”。可智能生成单行或函数级代码建议、根据注释、函数名自动生成代码、通过方法名、上下文等信息补齐代码</li>
 	<li>选中段落：“码”上理解。类、函数及其作用逐一详解、支持逐行代码注释、学习海量范式，快速精准解读</li>
 	<li>代码纠错：智能识别，便捷修正、精准定位拼写、语法、逻辑错误、提供针对性纠正建议、新老代码比较，支持一键修改</li>
 	<li>单元测试：快速生成，自测无忧、选中代码，一键生成单测用例、支持多种主流单元测试框架、智能生成单元测试数据</li>
 	<li>智能问答：专业知识，精准获取、支持选中代码提问、对话式自由问答、代码相关问题专业解答、IDE界面直接提问，无需切换</li>
</ol>
</div>"
CodiumAI,AI代码测试工具
Sketch2Code,"<div class=""panel-body single my-4 "">

Sketch2Code由微软AI Lab于2018年推出，旨在帮助开发人员轻松地将手绘草图转化成HTML代码的开源项目。使用Sketch2Code，开发人员可以绘制线框草图并将其导出为源代码。Sketch2Code使用人工智能和自动化从线框草图中开发代码，支持基本的网页视觉元素，包括标签、文本字段、文本段落、图像和按钮等。

<a class=""js"" href=""https://ai-bot.cn/wp-content/uploads/2023/03/sketch2code-page.webp"" data-fancybox=""fancybox"" data-caption=""Sketch2Code""><img class=""alignnone size-full wp-image-929"" src=""http://ai.thinkgs.cn/wp-content/uploads/2023/08/sketch2code-page.webp"" alt="""" width=""1200"" height=""666"" /></a>

2018年发布时，该项服务背后的模型已经用数百万张图像进行了训练，可以对各种类型的物体进行物体检测。有了这些信息，该工具可以生成设计中不同元素的HTML代码片段，然后可以根据识别的元素的位置推断设计的布局，并相应地生成最终的HTML代码。

而在GPT 4的演示中，也有一段将草图转换成网页的Demo演示，很可能微软已经将该技术与OpenAI合作并进行了迭代，而最新训练的图像数据也可能远超2018年。

</div>"
Cody,"<div class=""panel-body single my-4 "">

Cody是由代码搜索浏览工具「Sourcegraph」推出的一个AI编程助手，通过阅读整个代码库和代码图，帮助开发人员写代码并回答问题。Cody使用Sourcegraph的代码图和<a href=""https://ai-bot.cn/what-is-large-language-model/"">大型语言模型（LLMs）</a>的组合，以消除人工开发中的繁琐任务并保持开发人员的工作流程。

你可以把Cody当作是你的代码助手，该自动编程工具已经阅读了开源中的所有代码，StackOverflow上的所有问题，以及开发人员的整个代码库，可以回答开发过程中遇到的问题或者根据先前的知识建议一些方法。
<h2>Cody的主要功能</h2>
Cody就像代码编辑器中的 <a href=""https://ai-bot.cn/sites/30.html"">ChatGPT</a>，可以帮助你更好更快地编程。
<ol>
 	<li>人工智能生成代码。Cody 可以根据代码库的上下文和样式生成从样板代码到 API 解析器的所有内容，还可以修复代码块的错误、可读性或未处理的边缘情况。</li>
 	<li>自动生成单元测试。Cody 可以编写单元测试，节省开发人员的时间以专注于构建软件。</li>
 	<li>解释代码信息。Cody 可以从高层次或细节上解释代码的作用，突出显示任何代码块或整个文件，以对话语言解释发生了什么。</li>
 	<li>编程语言翻译。开发人员可以将代码片段提供给 Cody，例如某个函数。Cody 可以翻译该代码，提供具有相同功能的另一种语言的代码片段。</li>
</ol>
<h2>如何使用Cody</h2>
使用Cody非常简单，目前Cody可以在Sourcegraph的网页和VS Code中使用。
<ol>
 	<li>安装 VS Code的Cody扩展</li>
 	<li>打开 Cody（从活动栏或者Alt + /或Opt + /）并登录</li>
 	<li>点击Chat或者Recipes（内置的一些命令）进行使用</li>
</ol>
</div>"
GitHub Copilot,微软与OpenAl共同开发的一款Al编程工具GitHub Copilot
Voice.ai,实时AI变声工具
Voicemaker,AI文本到语音生成工具
MetaVoice,AI实时变声工具
Typecast,在线AI文字转语音生成工具
LOVO AI,AI人声和文本转语音生成工具
Boomy,Boomy是一个帮助用户释放创意快速生成原创音乐的平台，该A音乐生成工具累计已生成超过1600万首音乐。Boomy创作的音乐还可以分发到如Spotify等的流媒体平台，以使创作者从版税中获利分成。Boomy的免费版允许用户创建和编辑并保存25首音乐。
Lemonaid,AI音乐生成工具
Murf AI,AI文本转语音生成工具
Krisp,AI噪音消除工具
NaturalReader,AI文本转语音工具
Audo Studio,AI音频清洗工具（噪音消除、声音平衡、音量调节）
BeatBot,BeatBot是一个AI歌曲和音乐生成工具，用户只需输入文本描述，点击Generate按钮便可以快速生成不同风格的音乐。
悦音配音,"<div class=""panel-body single my-4 "">

悦音配音是制片帮旗推出的一款AI智能在线配音语音合成工具，可以帮助用户在线将文字输入快速轻松转换成语音。该AI配音工具提供男声、女声、童声、普通话、方言、英文等多种真人声音，在你输入文字后便可以直接智能生成音频。
<h2>悦音配音的特色功能</h2>
<ol>
 	<li>媲美真人的AI智能配音，海量音色库提供不同风格的男声（如磁性浑厚、真实自然、新闻主播等风格）、女声（如温柔甜美、客服女声、电台新闻女声等风格）和童音（如稚嫩可爱、萝莉女声、阳光青春等风格）</li>
 	<li>支持多种语种和方言的配音，包括普通话、英文、方言（如东北话、四川话、粤语、台湾话、湖南口音等）和其他多语言（如日语、葡萄牙语、韩语、西班牙语等）</li>
 	<li>AI智能违禁词检测，提供行业内最新广告法，各平台敏感词，通用、新闻等违禁词在线查询检测。</li>
 	<li>适用于短视频、政企宣传、教育培训、动漫、有声读物、影视广告、产品介绍、情感电台等数百个行业场景。</li>
</ol>
<h2>悦音配音的产品价格</h2>
悦音配音目前为用户提供了三个等级的定价
<ol>
 	<li>免费会员 - 注册后便可以免费使用，单条合成300字，每月可合成1000字</li>
 	<li>VIP尊贵会员 - 99元一年，单条合成10000字，每月可合成30万字</li>
 	<li>SVIP超级会员 - 399元一年，单条合成20000字，每月可合成70万字+解锁情绪主播等</li>
</ol>
<h2>常见问题</h2>
<strong>Q：悦音配音支持哪些系统和平台？</strong>

A：除在线网页端外，还支持iOS和Android手机端使用，随身随时随地高效创作。

<strong>Q：悦音配音生成的配音是否可以商用？</strong>

A：会员购买后可在线生成商用授权书，可以商用

<strong>Q：悦音配音支持哪些音频下载格式？</strong>

A：目前悦音配音的音频支持MP3及无损WAV格式下载

</div>"
BGM猫,"<div class=""panel-body single my-4 "">

BGM猫是由北京灵动音科技有限公司推出的一款AI智能生成BGM音乐的工具，用户只需选择音乐时长和对应标签便能自动生成BGM。该<a href=""https://ai-bot.cn/best-ai-music-generators/"">AI音乐生成器</a>允许用户选择30秒到5分钟的音乐时长，根据用户选择的场景、风格和心情标签来生成视频配乐或片头音乐。BGM猫支持生成以下不同类型的音乐：
<ul>
 	<li>场景：时尚/美妆/穿搭、数码科技、旅行、搞笑/恶搞、知识/科普、运动/健身、庆祝/节日、萌宠、美食、vlog等</li>
 	<li>风格：古风、电子、R&amp;B、爵士、轻音乐/钢琴、节奏感/卡点、摇滚</li>
 	<li>心情：慵懒、欢快、燃/励志、治愈/感动、俏皮、浪漫、紧张/恐怖/悬疑、伤感煽情催泪、大气/磅礴</li>
</ul>
</div>"
Resemble.ai,AI人声生成工具
ACE Studio,"<div class=""panel-body single my-4 "">

ACE Studio是时域科技推出的<a href=""https://ai-bot.cn/best-ai-music-generators/"">免费AI音乐合成工具</a>，支持Windows和Mac系统，可实时AI歌声合成，虚拟歌姬演唱真实度无限接近人类，纵享美妙丝滑的听觉体验。支持导出多种形式的音频文件，方便后期深度加工。
<h2>ACE Studio的特色功能</h2>
<ol>
 	<li>创造不同凡响的声线。使用声线混合，从丰富的声线种子中混合制造全新的理想声线，让不可能变得轻而易举。</li>
 	<li>性能强劲的新一代AI人声合成引擎。使用先进的全流程AI技术，在不断追求提升声线自然度与演唱表现力的同时，也将合成速度不断推向极致。</li>
 	<li>众多高水平的AI歌手。从流行到民歌、童声到摇滚...数十位精通中日英三语的高水平AI歌手为您尽其所能，满足全场景音乐制作需求。</li>
 	<li>细节参数调整，尽情表达每一处细腻的情感。歌声不是只有歌词和音高，您还可以把控呼吸、气声、假声、张力、力度等多维度AI演唱参数，让情感时刻掌控。</li>
</ol>
<h2>ACE Studio的产品价格</h2>
ACE Studio目前在免费公测当中，所有的用户使用手机号登录/注册后，便可以免费使用。

</div>"
ElevenLabs,"<div class=""panel-body single my-4 "">

ElevenLabs 是国外一个火爆的AI文字转语音平台，目前已完成测试阶段并推出了正式版。借助先进的多语言人工智能技术，ElevenLabs 可以自动识别包括中文在内的28种语言，并将其转换为逼真的语音。免费版提供每月10000个字符的转换和创建3个自定义声音。
<h2>ElevenLabs的产品功能</h2>
<ol>
 	<li>AI语音合成，提供文本转语音工具，支持多种类型的声音、风格和语言生成高质量的口语音频。</li>
 	<li>AI语音克隆，提供声音克隆工具，无需输入文本便可以快速克隆自己的声音</li>
 	<li>高质量语音库，ElevenLabs提供了一个高品质人工智能语音库社区，用户可选择加入Discord交流和分享</li>
 	<li>音频编辑工具，提供调整节奏、分割声音的工作台以完全控制创作过程</li>
</ol>
<a class=""js"" href=""https://ai-bot.cn/wp-content/uploads/2023/08/elevenlabs-speech-synthesis.png"" data-fancybox=""fancybox"" data-caption=""ElevenLabs语音合成""><img class=""alignnone size-full wp-image-1001"" src=""http://ai.thinkgs.cn/wp-content/uploads/2023/08/elevenlabs-speech-synthesis.png"" alt="""" width=""800"" height=""450"" /></a>
<h2>ElevenLabs支持的语言和口音</h2>
ElevenLabs 支持包括中文、英文、德语、日语、法语等在内的28种语言的文本转语音，实测欧美国家的语言效果更好，中文的效果还有待提升。

<a class=""js"" href=""https://ai-bot.cn/wp-content/uploads/2023/08/eleven-labs-multilingual-v2.jpeg"" data-fancybox=""fancybox"" data-caption=""ElevenLabs支持的语言和语音""><img class=""alignnone size-full wp-image-1002"" src=""http://ai.thinkgs.cn/wp-content/uploads/2023/08/eleven-labs-multilingual-v2.jpeg"" alt="""" width=""1798"" height=""1162"" /></a>
<h2>ElevenLabs的产品价格</h2>
ElevenLabs提供免费增值的定价体系，免费版提供每月10000个字符的转换和创建3个自定义声音。付费版价格如下：
<ul>
 	<li>Starter版本，5美元/月，提供每月30000个字符和创建10个自定义声音</li>
 	<li>Creator版本，22美元/月，提供每月100000个字符和创建30个自定义声音</li>
 	<li>Independent Publisher版本，99美元/月，提供每月500000个字符和创建160个自定义声音</li>
</ul>
</div>"
Adobe Podcast,Adobe推出的在线AI音频录制和编辑工具
讯飞智作,"<div class=""panel-body single my-4 "">

讯飞智作是科大讯飞推出的一站式智能配音服务平台，提供AI文字转语音、语音合成、智能配音、AI虚拟主播等工具，赋能内容生产者高效创作，让音视频创作更快、更省、更独特。
<h2>讯飞智作的主要功能</h2>
<ol>
 	<li>AI配音朗读/转换。用户只需输入文字立刻变声，并且可以调整和修改换气、连续、停顿、音量、音调、读速等参数，一键生成专业音频</li>
 	<li>AI真人配音合成。选择真人配音，效果更加真实逼真，多种场景覆盖，如广告配音、课件配音、彩铃配音、纪录片、新闻播报等</li>
 	<li>AI虚拟主播。AI虚拟主播专业形象出镜讲解，让AI视频更加具有情感和亲和力，适用于教育培训、日常分享、财经评论、情感鸡汤等场景。</li>
 	<li>AIGC工具箱。提供AI文案、AI绘图、让照片说话、虚拟数字分身、专属AI声音等AIGC工具，全面帮助用户释放AI生成的能力。</li>
</ol>
</div>"
TME Studio,"<div class=""panel-body single my-4 "">

TME Studio是由腾讯音乐娱乐公司推出的一款<a href=""https://ai-bot.cn/best-ai-music-generators/"">AI音乐生成工具</a>，由旗下银河音效、MUSE、天琴实验室、Tencent AI Lab共同打造，助力音乐爱好者，让创作更简单。该智能音乐助手目前提供以下AI功能：
<ul>
 	<li>音乐分离。基于深度学习技术，上传任意歌曲，分离、提取歌曲中的人声和鼓、贝斯、吉他、钢琴等乐器。</li>
 	<li>MIR计算。通过人工智能和信号处理对音乐进行内容理解与分析，提取音乐的采样率、位深、BPM、节奏、节拍、调性、和弦进行、鼓点识别、副歌识别等信息。通过更深维度的识别与分析挖掘音乐蕴含的更多高层次信息，创造更智能的音乐工具，让机器更懂你的音乐。</li>
 	<li>辅助写词。腾讯音乐人·天琴实验室推出的一款作词工具，通过分析TME全曲库歌词以及散文、诗歌等多种语料素材，依据智能推荐算法帮你找到合适的押韵词语，打开灵感空间。</li>
 	<li>智能曲谱。基于深度学习神经网络算法，为海量歌曲生成智能吉他曲谱，只需上传音乐，即可弹你想弹的歌。</li>
</ul>
</div>"
网易天音,"<div class=""panel-body single my-4 "">

网易天音是网易云音乐推出的一站式<a href=""https://ai-bot.cn/best-ai-music-generators/"">AI音乐创作工具</a>，无需乐理知识，一键上手。音乐爱好者或者歌手只需输入灵感，AI便可以辅助完成词、曲、编、唱，生成AI初稿后，支持词曲协同调整。
<h2>网易天音的主要功能</h2>
<ol>
 	<li>AI快速编曲。智能编曲极速生成，海量风格一键渲染。</li>
 	<li>AI作词与编辑。智能创作，根据词格AI智能生成，将你的灵感具现化。</li>
 	<li>一键DEMO。词曲编唱5秒搞定，快速创作一首属于你的歌曲。</li>
 	<li>歌声合成，虚拟歌姬。酷似真人的专业级演唱技巧，超乎想象的歌声演绎。</li>
</ol>
<a class=""js"" href=""https://ai-bot.cn/wp-content/uploads/2023/06/tianyin-163-compose.png"" data-fancybox=""fancybox"" data-caption=""网易天音AI作曲""><img class=""alignnone size-full wp-image-1015"" src=""http://ai.thinkgs.cn/wp-content/uploads/2023/08/tianyin-163-compose.png"" alt="""" width=""800"" height=""450"" /></a>

</div>"
Replika,AI对话陪伴工具
Jasper Chat,Jasper针对内容创作者出品的AI聊天工具
百度AI伙伴,百度上线的搜索AI伙伴，用户可免费进行对话、Al绘画和其他内容创作，百度搜索AI伙伴是百度最新上线的基于文心大模型的A搜索对话工具，目前处于免费测试中。申请了文心一言测试的用户可在桌面端百度网站或移动端的百度APP点击右上角的A图标，即可进入A聊天界面，或直接访问chat.baidu.com，使用前需要登录百度账号，且账号需要与申请了文心一言测试的账号一致，否则将显示空白。
豆包,"<div class=""panel-body single my-4 "">

豆包是字节跳动最新推出的免费AI对话工具，提供网页端、iOS和Android端应用程序，可使用手机号和抖音账号登录。据悉，豆包 APP 也就是此前字节内部代号为“Grace”的 AI 对话项目，用户可访问官网免费注册体验。目前测试期的豆包还存在局限，生成的内容也可能不准确。
<h2>如何使用豆包</h2>
<ol>
 	<li>访问豆包的官网，点击开始聊天或者下载应用</li>
 	<li>输入手机号或使用抖音账号注册登录，无需等待</li>
 	<li>登录成功之后便会自动跳转到对话界面</li>
 	<li>在左侧选择对应的角色，然后在输入框进行对话即可</li>
</ol>
<a class=""js"" href=""https://ai-bot.cn/wp-content/uploads/2023/08/doubao-website.png"" data-fancybox=""fancybox"" data-caption=""豆包的官网""><img class=""alignnone size-full wp-image-1064"" src=""http://ai.thinkgs.cn/wp-content/uploads/2023/08/doubao-website.png"" alt="""" width=""800"" height=""450"" /></a>
<h2>豆包的产品功能</h2>
豆包目前提供四个不同的AI聊天机器人：
<ul>
 	<li>豆包。豆包的主要功能是回答用户的问题，提供有用的信息和帮助。其训练数据来自互联网上的大量文本，包括新闻、博客、小说、论文等。通过对这些数据的学习和分析，豆包可以理解自然语言并回答各种问题，包括历史、科学、技术、文化、娱乐等方面的问题。</li>
 	<li>超爱聊天的小宁。小宁同样是是由字节跳动开发的人工智能，和豆包是两个不同的团队开发的。虽然他们的功能和应用场景可能会有所不同，但都致力于为用户提供高质量的服务和体验。</li>
 	<li>英语学习助手。AI 英语学习助理，可以和用户一起练习英语，如学习日常生活中常见的英语短语、英语俚语、使用英语扮演一个客户服务场景。</li>
 	<li>全能写作助手。文案创作助手，可以进行如歌词、诗歌、餐厅评价、代码示例的生成和撰写。</li>
</ul>
</div>"
ChatGPT,"<div class=""panel-body single my-4 "">
<h2>ChatGPT是什么</h2>
ChatGPT是由OpenAI公司推出的火爆全球的聊天对话机器人，该AI聊天对话工具建立在OpenAI开发的<a href=""https://ai-bot.cn/sites/49.html"">GPT-4</a>语言模型上，它可以执行各种<a href=""https://ai-bot.cn/what-is-nlp-natural-language-processing/"">自然语言处理（NLP）</a>任务，如总结、分类、提问和回答，以及类似人类反应的错误纠正。ChatGPT是一项革命性的技术，通过将人们的工作效率提高到一个新的水平，使人们的生活更加轻松。
<h2>ChatGPT由谁开发</h2>
ChatGPT人工智能聊天机器人是由OpenAI开发和拥有的，Elon Musk和Sam Altman在2015年将其作为一家非营利性公司创立。2018年，马斯克从OpenAI中撤出，不再拥有OpenAI的股份。起初，该公司从硅谷风险资本家那里获得了10亿美元，以启动构建<a href=""https://ai-bot.cn/what-is-neural-network/"">神经网络</a>。

2019年，OpenAI从微软那里筹集了10亿美元的第二轮资金。他们开始使用Azure超级计算机来构建这些大型语言模型。快进到2023年，微软向OpenAI投资了100亿美元，使其总股份达到49%。其他投资者，包括Khosla Ventures，又占了49%，而OpenAI只保留了2%的股权。
<h2>ChatGPT是如何工作的</h2>
在ChatGPT之前，人工智能聊天机器人就已经出现了，但由于它们不是对话式的，所以并未引起人们的普遍关注。而在2017年，谷歌在他们的论文《Attention is All You Need》中介绍了一个名为The Transformer的神经网络架构，这创造了一个训练<a href=""https://ai-bot.cn/what-is-large-language-model/"">大型语言模型（LLM）</a>的范式转变。

与其他神经网络相比，循环神经网络（RNN）和长短期记忆网络（LSTM）都比不上Transformer网络。RNN在长期依赖性方面存在问题，而LSTM无法专注于长句中的正确单词以获得正确的输出。

而Transformer网络改变了语言模型的训练方式，Transformer不像RNN那样一次处理一个词，而是可以一次注入整个输入。此外，Transformer允许平行运行多个输入，减少计算成本，训练速度更快。

意识到Transformer的潜力后，OpenAI决定利用Transformer网络，并按照其架构进行数据训练。这些模型的训练过程主要包括三个步骤：生成式预训练（Generative pre-training）、监督微调（Supervised fine-tuning）、<a href=""https://ai-bot.cn/what-is-rlhf/"">基于人类反馈的强化学习（RLHF）</a>。
<h2>如何使用ChatGPT</h2>
ChatGPT有一个基础版本，可以免费使用，要使用ChatGPT，你只需要访问他们的官方网站（<strong>https://chat.openai.com/chat</strong>），无需下载，去ChatGPT页面登录即可，你可以选择邮箱注册或用你的谷歌或微软账户登录。

ChatGPT的网页界面对所有用户来说都很容易使用，显示界面包括一个供用户输入查询的文本框和一个显示结果的区域。输入你的文字提示后，然后你就会收到ChatGPT返回的回应信息。

</div>"
TranSmart,"<div class=""panel-body single my-4 "">

腾讯交互翻译TranSmart是由腾讯AI Lab发布的一款<a href=""https://ai-bot.cn/best-ai-translation-tools/"">AI翻译工具</a>，可满足用户快速翻译的需求，用AI辅助人工翻译提高效率和质量。TranSmart采用了团队自研的人机交互式机器翻译技术，融合神经网络机器翻译、统计机器翻译、输入法、语义理解、数据挖掘等多项前沿技术，配合亿级双语平行数据，是一款人工智能辅助翻译互联网落地产品，可为用户提供实时智能翻译辅助，帮助用户更好更快地完成翻译任务。
<h2>腾讯交互翻译TranSmart的特点</h2>
<ul>
 	<li>交互式机器翻译。业内首个交互式机器翻译落地产品，提供译文片段智能推荐和整句补全，错误的机翻结果无需重复多次进行人工修订。</li>
 	<li>翻译记忆融合。动态结合用户已完成的双语句对，生成更符合期望的自动译文，性能显著优于传统静态和增量式训练的机器翻译。</li>
 	<li>翻译输入法。参照原文上下文和机器翻译知识，实现精准组词，加快人工翻译过程中的输入效率，比普通输入法显著减少按键数与打字时间。</li>
</ul>
</div>"
百度翻译,百度翻译是一款由百度公司提供的在线A翻译工具，提供中文和190多种其他语言之间的快速机器翻译，可以将文字和语音翻译成目标语言，并朗读出来。相较于其他翻译工具，在汉译时，更好地支持习语、俚语和文化细微差别。此外，百度翻译还提供了一些其他功能，例如文档翻译、语音翻译、短语翻译等。
Google翻译,Google免费提供的上百种语言智能翻译工具
火山翻译,火山翻译是字节跳动旗下火山引擎团队推出的人工智能翻译工具，内置权威词典、支持多种查词方式;10+语种丰富音色免费开放，练听力练跟读;PDF文字格式整理、对照阅读模式、个人术语库，更多功能等你挖掘!
网易见外,"<div class=""panel-body single my-4 "">

网易见外是由网易的人工智能事业部研发，是一个集视频听翻、直播听翻、语音转写、文档直翻功能为一体的AI智能语音转写听翻平台，致力于用语音识别转写文字、机器翻译等技术为从事和爱好语音转写、翻译的人员提供更便捷的听翻工具，提升工作效率，降低转写成本，进而改变人们跨文化交流与内容跨国界传播的实现方式。
<h2>网易见外的主要功能</h2>
<ol>
 	<li>视频智能双语字幕，网易见外利用自研ASR语音识别技术以及NMT神经网络翻译技术，为您提供专业、高效的视频翻译服务。</li>
 	<li>专业音频转写翻译，网易见外采用强大高效的智能语音识别技术，能够将中英文音频信息快速转录整理为高质量文本信息，并为您提供专业文本结果</li>
 	<li>精准可靠的字幕翻译，网易见外利用强大的神经网络翻译技术，能为海量单语字幕文件提供专业可靠的翻译结果，确保您的字幕任务高质高效交付</li>
 	<li>图片文字识别翻译，基于文字识别与文本翻译技术，满足用户翻译图片文字的需求，支持中文（含繁体）、英文、日文、韩文、和法文等多国语言间的图片翻译服务，直接将图片中的文本内容翻译成目标语言</li>
 	<li>会议同传，实时双语字幕，用于会议、课程、演讲等现场，可将语音实时转换为文字并翻译，实现字幕投屏</li>
</ol>
<h2>如何使用网易见外</h2>
<ol>
 	<li>访问网易见外的官网，登录你的网易邮箱账号</li>
 	<li>点击新建项目，选择你想要的翻译服务
<a class=""js"" href=""https://ai-bot.cn/wp-content/uploads/2023/06/jianwai-youdao-project.png"" data-fancybox=""fancybox"" data-caption=""网易见外翻译项目""><img class=""alignnone size-full wp-image-1093"" src=""http://ai.thinkgs.cn/wp-content/uploads/2023/08/jianwai-youdao-project.png"" alt="""" width=""800"" height=""450"" /></a></li>
 	<li>根据对应的翻译任务，上传文件或者输入材料，选择翻译语言并提交即可</li>
</ol>
</div>"
DeepL翻译,DeepL翻译器是一款集合了深度学习、神经网络算法、大数据等先进技术的新一代AI翻译工具。
Sapling AI Content Detector,Sapling.ai推出的免费在线AI内容检测工具
Smodin AI Content Detector,多语种AI内容检测工具
Writecream AI Content Detector,Writecream推出的AI内容检测工具
StudyCorgi ChatGPT Detector,StudyCorgi推出的帮助学生检测ChatGPT的工具
GPTZero,超过百万人都在用的免费AI内容检测工具
MJ Prompt Tool,Midjourney Prompt帮助工具
提示工程指南,"<div class=""panel-body single my-4 "">

提示工程指南（Prompt Engineering Guide）是由 DAIR.AI 发起的项目，旨在帮助研发和行业内相关人员了解提示工程。以传播 AI 技术和研究成果为目标，DAIR.AI 的愿景是赋能新一代 AI 领域的创新者。该免费开源的提示工程项目在GitHub上已超过3万个人标星，包含了与 LLM 提示工程相关的所有最新论文、学习指南、讲座、参考资料和工具。
<h2>提示工程指南（Prompt Engineering Guide）的目录</h2>
一、提示工程简介
<ul>
 	<li>大语言模型设置</li>
 	<li>基本概念</li>
 	<li>提示词要素</li>
 	<li>设计提示的通用技巧</li>
 	<li>提示词示例</li>
</ul>
二、提示技术
<ul>
 	<li>零样本提示</li>
 	<li>少样本提示</li>
 	<li>链式思考（CoT）提示</li>
 	<li>自我一致性</li>
 	<li>生成知识提示</li>
 	<li>思维树Tree of Thoughts</li>
 	<li>检索增强生成</li>
 	<li>自动推理和工具使用</li>
 	<li>自动提示工程师</li>
 	<li>Active-Prompt</li>
 	<li>方向性刺激提示</li>
 	<li>ReAct框架</li>
 	<li>多模态思维链提示方法</li>
 	<li>基于图的提示</li>
</ul>
三、提示应用
<ul>
 	<li>程序辅助语言模型</li>
 	<li>生成数据</li>
 	<li>Generating Code</li>
 	<li>毕业生工作分类案例研究</li>
 	<li>Prompt Function</li>
</ul>
四、模型
<ul>
 	<li>Flan</li>
 	<li>ChatGPT</li>
 	<li>LLaMA</li>
 	<li>GPT-4</li>
 	<li>Model Collection</li>
</ul>
五、风险和误用
<ul>
 	<li>对抗性提示</li>
 	<li>真实性</li>
 	<li>偏见</li>
</ul>
&nbsp;

</div>"
Generrated,当你第一次开始使用DALLE2时，可能会感觉有点无从下手，而Generated便提供了一个让你进行图像生成前的参考和灵感工具。只需在Generrated官网上单击你喜欢的图像，便可以查看用于生成该图像的提示用语。
ClickPrompt,专为 Prompt 编写者设计的工具
Label Studio,"<div class=""panel-body single my-4 "">

Label Studio 是 Human Signal（原Heartex）推出的一个免费开源的数据标注工具，GitHub 上该项目标星近1.4万，可帮助开发人员微调大语言模型、准备训练数据或验证 AI 模型。
<h2>Label Studio的功能特色</h2>
<ol>
 	<li>支持标记各种类型的数据，包括图片、声音、文本、时间序列、多域、视频等</li>
 	<li>灵活且可配置，可配置的布局和模板以结合自己的数据集和工作流</li>
 	<li>机器学习辅助标记，通过 ML 后端集成使用预测来协助标记流程，从而节省时间</li>
 	<li>多个项目和用户，在一个平台上支持多个项目、用例和数据类型</li>
 	<li>与您的 ML/AI pipeline 集成，可使用 Webhooks、Python SDK 和 API 进行身份验证、创建项目、导入任务、管理模型预测等。</li>
</ol>
<a class=""js"" href=""https://ai-bot.cn/wp-content/uploads/2023/08/label-studio-project.png"" data-fancybox=""fancybox"" data-caption=""Label Studio""><img class=""alignnone size-full wp-image-1173"" src=""http://ai.thinkgs.cn/wp-content/uploads/2023/08/label-studio-project.png"" alt="""" width=""800"" height=""458"" /></a>
<h2>如何开始使用 Label Studio</h2>
<ol>
 	<li>首先确认在电脑上已安装好<code>libq-dev</code>和<code>python3-dev</code>依赖项</li>
 	<li>然后使用<code>pip install label-studio</code>命令安装 Label Studio</li>
 	<li>在终端/命令行使用<code>label-studio start</code>启动 Label Studio</li>
 	<li>通过 <strong>http://localhost:8080</strong> 打开 Label Studio UI</li>
 	<li>使用自己创建的电子邮件地址和密码进行注册</li>
 	<li>单击 <strong>Create</strong> 创建项目并开始标记数据</li>
 	<li>为项目命名，可输入项目描述并选择颜色</li>
 	<li>单击 <strong>Data Import</strong> 并上传你要使用的数据文件。如果你想使用本地目录、云存储或数据库中的数据，可暂时跳过此步骤</li>
 	<li>单击 <strong>Labeling Setup</strong> 设置并选择一个模板并根据你的用例自定义标注名称</li>
 	<li>单击 <strong>Save</strong> 以保存您的项目</li>
</ol>
更多的设置和相关操作，请查看官方的文档<a class=""external"" href=""https://labelstud.io/guide/get_started.html"" target=""_blank"" rel=""noopener"">https://labelstud.io/guide/get_started.html</a>

</div>"
OpenBMB,"<div class=""panel-body single my-4 "">

OpenBMB全称为Open Lab for Big Model Base，旨在打造大规模预训练语言模型库与相关工具， 加速百亿级以上大模型的训练、微调与推理，降低大模型使用门槛，与国内外开发者共同努力形成大模型开源社区， 推动大模型生态发展，实现大模型的标准化、普及化和实用化，让大模型飞入千家万户。

OpenBMB开源社区由清华大学自然语言处理实验室和智源研究院语言大模型加速技术创新中心共同支持发起。 发起团队拥有深厚的自然语言处理和预训练模型研究基础，近年来围绕模型预训练、提示微调、模型压缩技术等方面在顶级国际会议上发表了数十篇高水平论文。

</div>"
Gradio,"<div class=""panel-body single my-4 "">

Gradio是一个开源的Python库，用于构建演示机器学习或数据科学，以及web应用程序。你可以使用Gradio基于自己的机器学习模型或数据科学工作流快速创建一个漂亮的用户界面，让用户可以尝试拖放他们自己的图像、输入文本、录制他们自己的声音，并通过浏览器与你的演示程序进行交互。Google、HuggingFace、亚马逊、Meta、思科、VMware等公司都在使用。

<a class=""js"" href=""https://ai-bot.cn/wp-content/uploads/2023/05/gradio-demo-image.png"" data-fancybox=""fancybox"" data-caption=""Gradio宣传图""><img class=""alignnone size-full wp-image-1234"" src=""http://ai.thinkgs.cn/wp-content/uploads/2023/08/gradio-demo-image.png"" alt="""" width=""800"" height=""415"" /></a>

Gradio适用于:
<ul>
 	<li>向客户/合伙人/用户/学生演示您的机器学习模型。</li>
 	<li>通过自动共享链接快速部署您的模型，并获得模型性能反馈。</li>
 	<li>在开发过程中使用内置的操作和解释工具交互式地调试模型。</li>
</ul>
</div>"
